animateType,name,no,tagAddr,tagID,interval,criteria
changeImage,GEN1_ocgr_Alarm_Event,8,http://192.168.245.3:9898/monitor/electric/4560_5_162,TAG_4560_5_162,0,value == "Active"
changeImage,GEN1_ocr_Alarm_Event,9,http://192.168.245.3:9898/monitor/electric/4560_5_182,TAG_4560_5_182,0,value == "Active"
NULL,GEN1_Peak1_Event,10,http://192.168.245.3:9898/monitor/electric/4560_5_183,TAG_4560_5_183,0,value == "Active"
NULL,GEN1_Peak2_Event,11,http://192.168.245.3:9898/monitor/electric/4560_5_187,TAG_4560_5_187,0,value == "Active"
NULL,GEN1_Peak3_Event,12,http://192.168.245.3:9898/monitor/electric/4560_5_188,TAG_4560_5_188,0,value == "Active"
NULL,GEN1_PF_Alarm,13,http://192.168.245.3:9898/monitor/electric/4560_5_208,TAG_4560_5_208,0,value == "Active"
NULL,GEN21_Peak1_Event,56,http://192.168.245.3:9898/monitor/electric/4560_5_292,TAG_4560_5_292,0,value == "Active"
NULL,GEN21_Peak2_Event,57,http://192.168.245.3:9898/monitor/electric/4560_5_293,TAG_4560_5_293,0,value == "Active"
NULL,GEN21_Peak3_Event,58,http://192.168.245.3:9898/monitor/electric/4560_5_294,TAG_4560_5_294,0,value == "Active"
NULL,GEN21_PF_Alarm,59,http://192.168.245.3:9898/monitor/electric/4560_5_295,TAG_4560_5_295,0,value == "Active"
NULL,GEN22_PF_Alarm,87,http://192.168.245.3:9898/monitor/electric/4560_5_309,TAG_4560_5_309,0,value == "Active"
NULL,GEN31_Peak1_Event,112,http://192.168.245.3:9898/monitor/electric/4560_5_264,TAG_4560_5_264,0,value == "Active"
NULL,GEN31_Peak2_Event,113,http://192.168.245.3:9898/monitor/electric/4560_5_265,TAG_4560_5_265,0,value == "Active"
NULL,GEN31_Peak3_Event,114,http://192.168.245.3:9898/monitor/electric/4560_5_266,TAG_4560_5_266,0,value == "Active"
NULL,GEN31_PF_Alarm,115,http://192.168.245.3:9898/monitor/electric/4560_5_267,TAG_4560_5_267,0,value == "Active"
NULL,GEN32_peald_Event,140,http://192.168.245.3:9898/monitor/electric/4560_5_278,TAG_4560_5_278,0,value == "Active"
NULL,GEN32_Peak2_Event,141,http://192.168.245.3:9898/monitor/electric/4560_5_279,TAG_4560_5_279,0,value == "Active"
NULL,GEN32_Peak3_Event,142,http://192.168.245.3:9898/monitor/electric/4560_5_280,TAG_4560_5_280,0,value == "Active"
NULL,GEN32_PF_Alarm,143,http://192.168.245.3:9898/monitor/electric/4560_5_281,TAG_4560_5_281,0,value == "Active"
NULL,HV10_FREQUENCY_Event,180,http://192.168.245.3:9898/monitor/electric/4560_5_108,TAG_4560_5_108,0,value == "Active"
changeImage,HV10_ocgr_Alarm_Event,181,http://192.168.245.3:9898/monitor/electric/4560_5_109,TAG_4560_5_109,0,value == "Active"
changeImage,HV10_ocr_Alarm_Event,182,http://192.168.245.3:9898/monitor/electric/4560_5_110,TAG_4560_5_110,0,value == "Active"
NULL,HV10_Peak1_Event,183,http://192.168.245.3:9898/monitor/electric/4560_5_111,TAG_4560_5_111,0,value == "Active"
NULL,HV10_Peak2_Event,184,http://192.168.245.3:9898/monitor/electric/4560_5_112,TAG_4560_5_112,0,value == "Active"
NULL,HV10_Peak3_Event,185,http://192.168.245.3:9898/monitor/electric/4560_5_113,TAG_4560_5_113,0,value == "Active"
NULL,HV10_PF_Alarm,186,http://192.168.245.3:9898/monitor/electric/4560_5_114,TAG_4560_5_114,0,value == "Active"
NULL,HV5_FREQUENCY_Event,218,http://192.168.245.3:9898/monitor/electric/4560_5_10,TAG_4560_5_10,0,value == "Active"
changeImage,HV5_ocgr_Alarm_Event,220,http://192.168.245.3:9898/monitor/electric/4560_5_11,TAG_4560_5_11,0,value == "Active"
changeImage,HV5_ocr_Alarm_Event,222,http://192.168.245.3:9898/monitor/electric/4560_5_12,TAG_4560_5_12,0,value == "Active"
NULL,HV5_opr_Alarm_Event,224,http://192.168.245.3:9898/monitor/electric/4560_5_13,TAG_4560_5_13,0,value == "Active"
changeImage,HV5_ovr_Alarm_Event,226,http://192.168.245.3:9898/monitor/electric/4560_5_14,TAG_4560_5_14,0,value == "Active"
NULL,HV5_Peak1_Event,228,http://192.168.245.3:9898/monitor/electric/4560_5_15,TAG_4560_5_15,0,value == "Active"
NULL,HV5_Peak2_Event,230,http://192.168.245.3:9898/monitor/electric/4560_5_16,TAG_4560_5_16,0,value == "Active"
NULL,HV5_I_Peak3_Event,232,http://192.168.245.3:9898/monitor/electric/4560_5_17,TAG_4560_5_17,0,value == "Active"
NULL,HV5_PF_Alarm,234,http://192.168.245.3:9898/monitor/electric/4560_5_18,TAG_4560_5_18,0,value == "Active"
changeImage,HV5_uvr_Alarm_Event,241,http://192.168.245.3:9898/monitor/electric/4560_5_25,TAG_4560_5_25,0,value == "Active"
NULL,HV6_FREQUENCY_Event,268,http://192.168.245.3:9898/monitor/electric/4560_5_32,TAG_4560_5_32,0,value == "Active"
changeImage,HV6_ocgr_Alarm_Event,270,http://192.168.245.3:9898/monitor/electric/4560_5_33,TAG_4560_5_33,0,value == "Active"
changeImage,HV6_ocr_Alarm_Event,272,http://192.168.245.3:9898/monitor/electric/4560_5_34,TAG_4560_5_34,0,value == "Active"
NULL,HV6_Peak1_Event,274,http://192.168.245.3:9898/monitor/electric/4560_5_35,TAG_4560_5_35,0,value == "Active"
NULL,HV6_Peak2_Event,276,http://192.168.245.3:9898/monitor/electric/4560_5_36,TAG_4560_5_36,0,value == "Active"
NULL,HV6_Peak3_Event,277,http://192.168.245.3:9898/monitor/electric/4560_5_37,TAG_4560_5_37,0,value == "Active"
NULL,HV6_PF_Alarm,278,http://192.168.245.3:9898/monitor/electric/4560_5_38,TAG_4560_5_38,0,value == "Active"
NULL,HV7_FREQUENCY_Event,312,http://192.168.245.3:9898/monitor/electric/4560_5_51,TAG_4560_5_51,0,value == "Active"
changeImage,HV7_ocgr_Alarm_Event,314,http://192.168.245.3:9898/monitor/electric/4560_5_52,TAG_4560_5_52,0,value == "Active"
changeImage,HV7_ocr_alarrn_Event,316,http://192.168.245.3:9898/monitor/electric/4560_5_53,TAG_4560_5_53,0,value == "Active"
NULL,HV7_Peak1_Event,318,http://192.168.245.3:9898/monitor/electric/4560_5_54,TAG_4560_5_54,0,value == "Active"
NULL,HV7_Peak2_Event,319,http://192.168.245.3:9898/monitor/electric/4560_5_55,TAG_4560_5_55,0,value == "Active"
NULL,HV7_Peak3_Event,320,http://192.168.245.3:9898/monitor/electric/4560_5_56,TAG_4560_5_56,0,value == "Active"
NULL,HV7_PF_Alarm,321,http://192.168.245.3:9898/monitor/electric/4560_5_57,TAG_4560_5_57,0,value == "Active"
NULL,HV7_Larnp_Event,326,http://192.168.245.3:9898/monitor/electric/4560_5_62,TAG_4560_5_62,0,value == "Active"
NULL,HV8_FREQUENCY_Event,356,http://192.168.245.3:9898/monitor/electric/4560_5_70,TAG_4560_5_70,0,value == "Active"
changeImage,HV8_ocgr_Alarm_Event,358,http://192.168.245.3:9898/monitor/electric/4560_5_71,TAG_4560_5_71,0,value == "Active"
changeImage,HV8_ocr_Alarm_Event,360,http://192.168.245.3:9898/monitor/electric/4560_5_72,TAG_4560_5_72,0,value == "Active"
NULL,HV8_Peak1_Event,361,http://192.168.245.3:9898/monitor/electric/4560_5_73,TAG_4560_5_73,0,value == "Active"
NULL,HV8_peak2_Event,362,http://192.168.245.3:9898/monitor/electric/4560_5_74,TAG_4560_5_74,0,value == "Active"
NULL,HV8_Peak3_Event,363,http://192.168.245.3:9898/monitor/electric/4560_5_75,TAG_4560_5_75,0,value == "Active"
NULL,HV8_PF_Event,364,http://192.168.245.3:9898/monitor/electric/4560_5_76,TAG_4560_5_76,0,value == "Active"
NULL,HV9_FREQUENCY_Event,400,http://192.168.245.3:9898/monitor/electric/4560_5_89,TAG_4560_5_89,0,value == "Active"
changeImage,HV9_ocgr_Alarm_Event,402,http://192.168.245.3:9898/monitor/electric/4560_5_90,TAG_4560_5_90,0,value == "Active"
changeImage,HV9_ocr_Alarm_Event,403,http://192.168.245.3:9898/monitor/electric/4560_5_91,TAG_4560_5_91,0,value == "Active"
NULL,HV9_Peak1_Event,404,http://192.168.245.3:9898/monitor/electric/4560_5_92,TAG_4560_5_92,0,value == "Active"
NULL,HV9_Peak2_Event,405,http://192.168.245.3:9898/monitor/electric/4560_5_93,TAG_4560_5_93,0,value == "Active"
NULL,HV9_Peak3_Event,406,http://192.168.245.3:9898/monitor/electric/4560_5_94,TAG_4560_5_94,0,value == "Active"
NULL,HV9_PF_Alarm,407,http://192.168.245.3:9898/monitor/electric/4560_5_95,TAG_4560_5_95,0,value == "Active"
changeTextRound_1,LV1_ACB1_51X_ALARM,433,http://192.168.245.3:9898/monitor/electric/4560_5_121,TAG_4560_5_121,0,value == "Active"
NULL,LV1_PeakLEvent,451,http://192.168.245.3:9898/monitor/electric/4560_5_137,TAG_4560_5_137,0,value == "Active"
NULL,LV1_Peak2_Event,452,http://192.168.245.3:9898/monitor/electric/4560_5_138,TAG_4560_5_138,0,value == "Active"
NULL,LV1_Peak3_Event,453,http://192.168.245.3:9898/monitor/electric/4560_5_139,TAG_4560_5_139,0,value == "Active"
NULL,LV1_PF_Alarm,454,http://192.168.245.3:9898/monitor/electric/4560_5_140,TAG_4560_5_140,0,value == "Active"
changeTextRound_1,LV13_ACB1_51X_ALARM,486,http://192.168.245.3:9898/monitor/electric/4560_5_199,TAG_4560_5_199,0,value == "Active"
NULL,LV13_Peak1_Event,498,http://192.168.245.3:9898/monitor/electric/4560_5_215,TAG_4560_5_215,0,value == "Active"
NULL,LV13_Peak2_Event,499,http://192.168.245.3:9898/monitor/electric/4560_5_216,TAG_4560_5_216,0,value == "Active"
NULL,LV13_Peak3_Event,500,http://192.168.245.3:9898/monitor/electric/4560_5_217,TAG_4560_5_217,0,value == "Active"
changeImage,LV13_PF_ALARM,501,http://192.168.245.3:9898/monitor/electric/4560_5_218,TAG_4560_5_218,0,value == "Active"
NULL,LV14_ACB1_51x_ALARM,533,http://192.168.245.3:9898/monitor/electric/4560_5_225,TAG_4560_5_225,0,value == "Active"
changeTextRound_1,LV14_LV11_FEED_ACB_51x_ALARM,536,http://192.168.245.3:9898/monitor/electric/4560_5_228,TAG_4560_5_228,0,value == "Active"
NULL,LV14_Peak1_Event,540,http://192.168.245.3:9898/monitor/electric/4560_5_232,TAG_4560_5_232,0,value == "Active"
NULL,LV14_Peak2_Event,541,http://192.168.245.3:9898/monitor/electric/4560_5_233,TAG_4560_5_233,0,value == "Active"
NULL,LV14_Peak3_Event,542,http://192.168.245.3:9898/monitor/electric/4560_5_234,TAG_4560_5_234,0,value == "Active"
changeTextRound_1,LV4_ACB1_51x_ALARM,575,http://192.168.245.3:9898/monitor/electric/4560_5_147,TAG_4560_5_147,0,value == "Active"
NULL,LV4_Peak1_Event,587,http://192.168.245.3:9898/monitor/electric/4560_5_163,TAG_4560_5_163,0,value == "Active"
NULL,LV4_Peak2_Event,588,http://192.168.245.3:9898/monitor/electric/4560_5_164,TAG_4560_5_164,0,value == "Active"
NULL,LV4_Peak3_Event,589,http://192.168.245.3:9898/monitor/electric/4560_5_165,TAG_4560_5_165,0,value == "Active"
NULL,LV4_PF_Alarm,590,http://192.168.245.3:9898/monitor/electric/4560_5_166,TAG_4560_5_166,0,value == "Active"
changeTextRound_1,LV8_ACB1_51x_ALARM,622,http://192.168.245.3:9898/monitor/electric/4560_5_173,TAG_4560_5_173,0,value == "Active"
NULL,LV8_Peak1Event,634,http://192.168.245.3:9898/monitor/electric/4560_5_189,TAG_4560_5_189,0,value == "Active"
NULL,LV8_Peak2_Event,635,http://192.168.245.3:9898/monitor/electric/4560_5_190,TAG_4560_5_190,0,value == "Active"
NULL,LV8_Peak3_Event,636,http://192.168.245.3:9898/monitor/electric/4560_5_191,TAG_4560_5_191,0,value == "Active"
NULL,LV8_PF_Alarm,637,http://192.168.245.3:9898/monitor/electric/4560_5_192,TAG_4560_5_192,0,value == "Active"
NULL,RTU1_BATTERY_LOW_ALARM,655,http://192.168.245.3:9898/monitor/electric/4560_5_244,TAG_4560_5_244,0,value == "Active"
NULL,RTU1_LV_15_ELD_ALARM,658,http://192.168.245.3:9898/monitor/electric/4560_5_247,TAG_4560_5_247,0,value == "Active"
NULL,RTU2_NVR_ALARM,673,http://192.168.245.3:9898/monitor/electric/4560_5_258,TAG_4560_5_258,0,value == "Active"
NULL,RTU2_REC_ALARM,674,http://192.168.245.3:9898/monitor/electric/4560_5_259,TAG_4560_5_259,0,value == "Active"
changeTextRound_1,GEN1_WATT_VALUE,26,http://192.168.245.3:9898/monitor/electric/4560_2_252,TAG_4560_2_252,3600000,NULL
changeTextRound_0,GEN1_WH_HOUR,27,http://192.168.245.3:9898/monitor/electric/4560_2_253,TAG_4560_2_253,3600000,NULL
changeTextRound_0,GEN1_WH_MONTH,28,http://192.168.245.3:9898/monitor/electric/4560_2_254,TAG_4560_2_254,3600000,NULL
changeTextRound_0,GEN1_WH_PREVIOUS_DAY,29,http://192.168.245.3:9898/monitor/electric/4560_2_255,TAG_4560_2_255,3600000,NULL
changeTextRound_0,GEN1_WH_PREVIOUS_HOUR,30,http://192.168.245.3:9898/monitor/electric/4560_2_256,TAG_4560_2_256,3600000,NULL
changeTextRound_0,GEN1_WH_PREVIOUS_MONTH,31,http://192.168.245.3:9898/monitor/electric/4560_2_257,TAG_4560_2_257,3600000,NULL
changeTextRound_0,GEN1_WH_PREVIOUS_YEAR,32,http://192.168.245.3:9898/monitor/electric/4560_2_258,TAG_4560_2_258,3600000,NULL
changeTextRound_0,GEN1_WH_TODAY,33,http://192.168.245.3:9898/monitor/electric/4560_2_259,TAG_4560_2_259,3600000,NULL
changeTextRound_0,GEN1_WH_YEAR,34,http://192.168.245.3:9898/monitor/electric/4560_2_260,TAG_4560_2_260,3600000,NULL
changeTextWithTime,GEN1_W_MONTH,35,http://192.168.245.3:9898/monitor/electric/4560_2_297,TAG_4560_2_297,3600000,NULL
changeTextWithTime,GEN1_W_PREVIOUS_DAY,36,http://192.168.245.3:9898/monitor/electric/4560_2_298,TAG_4560_2_298,3600000,NULL
changeTextWithTime,GEN1_W_PREVIOUS_MONTH,37,http://192.168.245.3:9898/monitor/electric/4560_2_299,TAG_4560_2_299,3600000,NULL
changeTextWithTime,GEN1_W_PREVIOUS_YEAR,38,http://192.168.245.3:9898/monitor/electric/4560_2_300,TAG_4560_2_300,3600000,NULL
changeTextWithTime,GEN1_W_TODAY,39,http://192.168.245.3:9898/monitor/electric/4560_2_301,TAG_4560_2_301,3600000,NULL
changeTextWithTime,GEN1_W_YEAR,40,http://192.168.245.3:9898/monitor/electric/4560_2_302,TAG_4560_2_302,3600000,NULL
changeTextRound_1,GEN21_WATT_VALUE,51,http://192.168.245.3:9898/monitor/electric/4560_2_234,TAG_4560_2_234,3600000,NULL
changeTextWithTime,GEN21_W_MONTH,66,http://192.168.245.3:9898/monitor/electric/4560_2_345,TAG_4560_2_345,3600000,NULL
changeTextWithTime,GEN21_W_PREVIOUS_DAY,67,http://192.168.245.3:9898/monitor/electric/4560_2_346,TAG_4560_2_346,3600000,NULL
changeTextWithTime,GEN21_W_PREVIOUS_MONTH,68,http://192.168.245.3:9898/monitor/electric/4560_2_347,TAG_4560_2_347,3600000,NULL
changeTextWithTime,GEN21_W_PREVIOUS_YEAR,69,http://192.168.245.3:9898/monitor/electric/4560_2_348,TAG_4560_2_348,3600000,NULL
changeTextWithTime,GEN21_W_TODAY,70,http://192.168.245.3:9898/monitor/electric/4560_2_349,TAG_4560_2_349,3600000,NULL
changeTextWithTime,GEN21_W_YEAR,71,http://192.168.245.3:9898/monitor/electric/4560_2_350,TAG_4560_2_350,3600000,NULL
changeTextRound_1,GEN22_WATT_VALUE,79,http://192.168.245.3:9898/monitor/electric/4560_2_242,TAG_4560_2_242,3600000,NULL
changeTextWithTime,GEN22_W_MONTH,94,http://192.168.245.3:9898/monitor/electric/4560_2_351,TAG_4560_2_351,3600000,NULL
changeTextWithTime,GEN22_WH_DAY,95,http://192.168.245.3:9898/monitor/electric/4560_2_352,TAG_4560_2_352,3600000,NULL
changeTextWithTime,GEN22_W_PREVIOUS_MONTH,96,http://192.168.245.3:9898/monitor/electric/4560_2_353,TAG_4560_2_353,3600000,NULL
changeTextWithTime,GEN22_W_PREVIOUS_YEAR,97,http://192.168.245.3:9898/monitor/electric/4560_2_354,TAG_4560_2_354,3600000,NULL
changeTextWithTime,GEN22_W_TODAY,98,http://192.168.245.3:9898/monitor/electric/4560_2_355,TAG_4560_2_355,3600000,NULL
changeTextWithTime,GEN22_W_YEAR,99,http://192.168.245.3:9898/monitor/electric/4560_2_356,TAG_4560_2_356,3600000,NULL
changeTextRound_1,GEN31_WATT_VALUE,107,http://192.168.245.3:9898/monitor/electric/4560_2_218,TAG_4560_2_218,3600000,NULL
changeTextWithTime,GEN31_W_MONTH,122,http://192.168.245.3:9898/monitor/electric/4560_2_333,TAG_4560_2_333,3600000,NULL
changeTextWithTime,GEN31_W_PREVIOUS_DAY,123,http://192.168.245.3:9898/monitor/electric/4560_2_334,TAG_4560_2_334,3600000,NULL
changeTextWithTime,GEN31_W_PREVIOUS_MONTH,124,http://192.168.245.3:9898/monitor/electric/4560_2_335,TAG_4560_2_335,3600000,NULL
changeTextWithTime,GEN31_W_PREVIOUS_YEAR,125,http://192.168.245.3:9898/monitor/electric/4560_2_336,TAG_4560_2_336,3600000,NULL
changeTextWithTime,GEN31_W_TODAY,126,http://192.168.245.3:9898/monitor/electric/4560_2_337,TAG_4560_2_337,3600000,NULL
changeTextWithTime,GEN31_W_YEAR,127,http://192.168.245.3:9898/monitor/electric/4560_2_338,TAG_4560_2_338,3600000,NULL
changeTextRound_1,GEN32_WATT_VALUE,135,http://192.168.245.3:9898/monitor/electric/4560_2_226,TAG_4560_2_226,3600000,NULL
changeTextWithTime,GEN32_W_MONTH,150,http://192.168.245.3:9898/monitor/electric/4560_2_339,TAG_4560_2_339,3600000,NULL
changeTextWithTime,GEN32_WH_DAY,151,http://192.168.245.3:9898/monitor/electric/4560_2_340,TAG_4560_2_340,3600000,NULL
changeTextWithTime,GEN32_WH_MONTH,152,http://192.168.245.3:9898/monitor/electric/4560_2_341,TAG_4560_2_341,3600000,NULL
changeTextWithTime,GEN32_W_PREVIOUS_YEAR,153,http://192.168.245.3:9898/monitor/electric/4560_2_342,TAG_4560_2_342,3600000,NULL
changeTextWithTime,GEN32_W_TODAY,154,http://192.168.245.3:9898/monitor/electric/4560_2_343,TAG_4560_2_343,3600000,NULL
changeTextWithTime,GEN32_W_YEAR,155,http://192.168.245.3:9898/monitor/electric/4560_2_344,TAG_4560_2_344,3600000,NULL
changeTextRound_1,HV10_WATT_VALUE,165,http://192.168.245.3:9898/monitor/electric/4560_2_100,TAG_4560_2_100,3600000,NULL
changeTextRound_0,HV10_WH_HOUR,166,http://192.168.245.3:9898/monitor/electric/4560_2_101,TAG_4560_2_101,3600000,NULL
changeTextRound_0,HV10_WH_MONTH,167,http://192.168.245.3:9898/monitor/electric/4560_2_102,TAG_4560_2_102,3600000,NULL
changeTextRound_0,HV10_WH_PREVIOUS_DAY,169,http://192.168.245.3:9898/monitor/electric/4560_2_103,TAG_4560_2_103,3600000,NULL
changeTextRound_0,HV10_WH_PREVIOUS_HOUR,171,http://192.168.245.3:9898/monitor/electric/4560_2_104,TAG_4560_2_104,3600000,NULL
changeTextRound_0,HV10_WH_PREVIOUS_MONTH,173,http://192.168.245.3:9898/monitor/electric/4560_2_105,TAG_4560_2_105,3600000,NULL
changeTextRound_0,HV10_WH_PREVIOUS_YEAR,175,http://192.168.245.3:9898/monitor/electric/4560_2_106,TAG_4560_2_106,3600000,NULL
changeTextRound_0,HV10_WH_TODAY,177,http://192.168.245.3:9898/monitor/electric/4560_2_107,TAG_4560_2_107,3600000,NULL
changeTextRound_0,HV10_WH_YEAR,179,http://192.168.245.3:9898/monitor/electric/4560_2_108,TAG_4560_2_108,3600000,NULL
changeTextWithTime,HV10_W_MONTH,193,http://192.168.245.3:9898/monitor/electric/4560_2_291,TAG_4560_2_291,3600000,NULL
changeTextWithTime,HV10_W_PREVIOUS_DAY,194,http://192.168.245.3:9898/monitor/electric/4560_2_292,TAG_4560_2_292,3600000,NULL
changeTextWithTime,HV10_W_PREVIOUS_MONTH,195,http://192.168.245.3:9898/monitor/electric/4560_2_293,TAG_4560_2_293,3600000,NULL
changeTextWithTime,HV10_W_PREVIOUS_YEAR,196,http://192.168.245.3:9898/monitor/electric/4560_2_294,TAG_4560_2_294,3600000,NULL
changeTextWithTime,HV10_W_TODAY,197,http://192.168.245.3:9898/monitor/electric/4560_2_295,TAG_4560_2_295,3600000,NULL
changeTextWithTime,HV10_W_YEAR,198,http://192.168.245.3:9898/monitor/electric/4560_2_296,TAG_4560_2_296,3600000,NULL
changeTextRound_1_clone,HV5_WATT_VALUE,217,http://192.168.245.3:9898/monitor/electric/4560_2_10,TAG_4560_2_10,3600000,NULL
changeTextRound_0,HV5_WH_HOUR,219,http://192.168.245.3:9898/monitor/electric/4560_2_11,TAG_4560_2_11,3600000,NULL
changeTextRound_0,HV5_WH_MONTH,221,http://192.168.245.3:9898/monitor/electric/4560_2_12,TAG_4560_2_12,3600000,NULL
changeTextRound_0,HV5_WH_PREVIOUS_DAY,223,http://192.168.245.3:9898/monitor/electric/4560_2_13,TAG_4560_2_13,3600000,NULL
changeTextRound_0,HV5_WH_PREVIOUS_HOUR,225,http://192.168.245.3:9898/monitor/electric/4560_2_14,TAG_4560_2_14,3600000,NULL
changeTextRound_0,HV5_WH_PREVIOUS_MONTH,227,http://192.168.245.3:9898/monitor/electric/4560_2_15,TAG_4560_2_15,3600000,NULL
changeTextRound_0,HV5_WH_PREVIOUS_YEAR,229,http://192.168.245.3:9898/monitor/electric/4560_2_16,TAG_4560_2_16,3600000,NULL
changeTextRound_0,HV5_WH_TODAY,231,http://192.168.245.3:9898/monitor/electric/4560_2_17,TAG_4560_2_17,3600000,NULL
changeTextRound_0,HV5_WH_YEAR,233,http://192.168.245.3:9898/monitor/electric/4560_2_18,TAG_4560_2_18,3600000,NULL
changeTextWithTime,HV5_W_MONTH,242,http://192.168.245.3:9898/monitor/electric/4560_2_261,TAG_4560_2_261,3600000,NULL
changeTextWithTime,HV5_W_PREVIOUS_DAY,243,http://192.168.245.3:9898/monitor/electric/4560_2_262,TAG_4560_2_262,3600000,NULL
changeTextWithTime,HV5_W_PREVIOUS_MONTH,244,http://192.168.245.3:9898/monitor/electric/4560_2_263,TAG_4560_2_263,3600000,NULL
changeTextWithTime,HV5_W_PREVIOUS_YEAR,245,http://192.168.245.3:9898/monitor/electric/4560_2_264,TAG_4560_2_264,3600000,NULL
changeTextWithTime,HV5_W_TODAY,246,http://192.168.245.3:9898/monitor/electric/4560_2_265,TAG_4560_2_265,3600000,NULL
changeTextWithTime,HV5_W_YEAR,247,http://192.168.245.3:9898/monitor/electric/4560_2_266,TAG_4560_2_266,3600000,NULL
changeTextRound_1,HV6_WATT_VALUE,259,http://192.168.245.3:9898/monitor/electric/4560_2_28,TAG_4560_2_28,3600000,NULL
changeTextRound_0,HV6_WH_HOUR,261,http://192.168.245.3:9898/monitor/electric/4560_2_29,TAG_4560_2_29,3600000,NULL
changeTextRound_0,HV6_WH_MONTH,263,http://192.168.245.3:9898/monitor/electric/4560_2_30,TAG_4560_2_30,3600000,NULL
changeTextRound_0,HV6_WH_PREVIOUS_DAY,265,http://192.168.245.3:9898/monitor/electric/4560_2_31,TAG_4560_2_31,3600000,NULL
changeTextRound_0,HV6_WH_PREVIOUS_HOUR,267,http://192.168.245.3:9898/monitor/electric/4560_2_32,TAG_4560_2_32,3600000,NULL
changeTextRound_0,HV6_WH_PREVIOUS_MONTH,269,http://192.168.245.3:9898/monitor/electric/4560_2_33,TAG_4560_2_33,3600000,NULL
changeTextRound_0,HV6_WH_PREVIOUS_YEAR,271,http://192.168.245.3:9898/monitor/electric/4560_2_34,TAG_4560_2_34,3600000,NULL
changeTextRound_0,HV6_WH_TODAY,273,http://192.168.245.3:9898/monitor/electric/4560_2_35,TAG_4560_2_35,3600000,NULL
changeTextRound_0,HV6_WH_YEAR,275,http://192.168.245.3:9898/monitor/electric/4560_2_36,TAG_4560_2_36,3600000,NULL
changeTextWithTime,HV6_W_MONTH,285,http://192.168.245.3:9898/monitor/electric/4560_2_267,TAG_4560_2_267,3600000,NULL
changeTextWithTime,HV6_W_PREVIOUS_DAY,286,http://192.168.245.3:9898/monitor/electric/4560_2_268,TAG_4560_2_268,3600000,NULL
changeTextWithTime,HV6_W_PREVIOUS_MONTH,287,http://192.168.245.3:9898/monitor/electric/4560_2_269,TAG_4560_2_269,3600000,NULL
changeTextWithTime,HV6_W_PREVIOUS_YEAR,288,http://192.168.245.3:9898/monitor/electric/4560_2_270,TAG_4560_2_270,3600000,NULL
changeTextWithTime,HV6_W_TODAY,289,http://192.168.245.3:9898/monitor/electric/4560_2_271,TAG_4560_2_271,3600000,NULL
changeTextWithTime,HV6_W_YEAR,290,http://192.168.245.3:9898/monitor/electric/4560_2_272,TAG_4560_2_272,3600000,NULL
changeTextRound_1,HV7_WATT_VALUE,301,http://192.168.245.3:9898/monitor/electric/4560_2_46,TAG_4560_2_46,3600000,NULL
changeTextRound_0,HV7_WH_HOUR,303,http://192.168.245.3:9898/monitor/electric/4560_2_47,TAG_4560_2_47,3600000,NULL
changeTextRound_0,HV7_WH_MONTH,305,http://192.168.245.3:9898/monitor/electric/4560_2_48,TAG_4560_2_48,3600000,NULL
changeTextRound_0,HV7_WH_PREVIOUS_DAY,307,http://192.168.245.3:9898/monitor/electric/4560_2_49,TAG_4560_2_49,3600000,NULL
changeTextRound_0,HV7_WH_PREVIOUS_HOUR,309,http://192.168.245.3:9898/monitor/electric/4560_2_50,TAG_4560_2_50,3600000,NULL
changeTextRound_0,HV7_WH_PREVIOUS_MONTH,311,http://192.168.245.3:9898/monitor/electric/4560_2_51,TAG_4560_2_51,3600000,NULL
changeTextRound_0,HV7_WH_PREVIOUS_YEAR,313,http://192.168.245.3:9898/monitor/electric/4560_2_52,TAG_4560_2_52,3600000,NULL
changeTextRound_0,HV7_WH_TODAY,315,http://192.168.245.3:9898/monitor/electric/4560_2_53,TAG_4560_2_53,3600000,NULL
changeTextRound_0,HV7_WH_YEAR,317,http://192.168.245.3:9898/monitor/electric/4560_2_54,TAG_4560_2_54,3600000,NULL
changeTextWithTime,HV7_W_MONTH,328,http://192.168.245.3:9898/monitor/electric/4560_2_273,TAG_4560_2_273,3600000,NULL
changeTextWithTime,HV7_W_PREVIOUS_DAY,329,http://192.168.245.3:9898/monitor/electric/4560_2_274,TAG_4560_2_274,3600000,NULL
changeTextWithTime,HV7_WH_MONTH,330,http://192.168.245.3:9898/monitor/electric/4560_2_275,TAG_4560_2_275,3600000,NULL
changeTextWithTime,HV7_W_PREVIOUS_YEAR,331,http://192.168.245.3:9898/monitor/electric/4560_2_276,TAG_4560_2_276,3600000,NULL
changeTextWithTime,HV7_W_TODAY,332,http://192.168.245.3:9898/monitor/electric/4560_2_277,TAG_4560_2_277,3600000,NULL
changeTextWithTime,HV7_W_YEAR,333,http://192.168.245.3:9898/monitor/electric/4560_2_278,TAG_4560_2_278,3600000,NULL
changeTextRound_1,HV8_WATT_VALUE,343,http://192.168.245.3:9898/monitor/electric/4560_2_64,TAG_4560_2_64,3600000,NULL
changeTextRound_0,HV8_WH_HOUR,345,http://192.168.245.3:9898/monitor/electric/4560_2_65,TAG_4560_2_65,3600000,NULL
changeTextRound_0,HV8_WH_MONTH,347,http://192.168.245.3:9898/monitor/electric/4560_2_66,TAG_4560_2_66,3600000,NULL
changeTextRound_0,HV8_WH_PREVIOUS_DAY,349,http://192.168.245.3:9898/monitor/electric/4560_2_67,TAG_4560_2_67,3600000,NULL
changeTextRound_0,HV8_WH_PREVIOUS_HOUR,351,http://192.168.245.3:9898/monitor/electric/4560_2_68,TAG_4560_2_68,3600000,NULL
changeTextRound_0,HV8_WH_PREVIOUS_MONTH,353,http://192.168.245.3:9898/monitor/electric/4560_2_69,TAG_4560_2_69,3600000,NULL
changeTextRound_0,HV8_WH_PREVIOUS_YEAR,355,http://192.168.245.3:9898/monitor/electric/4560_2_70,TAG_4560_2_70,3600000,NULL
changeTextRound_0,HV8_WH_TODAY,357,http://192.168.245.3:9898/monitor/electric/4560_2_71,TAG_4560_2_71,3600000,NULL
changeTextRound_0,HV8_WH_YEAR,359,http://192.168.245.3:9898/monitor/electric/4560_2_72,TAG_4560_2_72,3600000,NULL
changeTextWithTime,HV8_W_MONTH,371,http://192.168.245.3:9898/monitor/electric/4560_2_279,TAG_4560_2_279,3600000,NULL
changeTextWithTime,HV8_W_PREVIOUS_DAY,372,http://192.168.245.3:9898/monitor/electric/4560_2_280,TAG_4560_2_280,3600000,NULL
changeTextWithTime,HV8_W_PREVIOUS_MONTH,373,http://192.168.245.3:9898/monitor/electric/4560_2_281,TAG_4560_2_281,3600000,NULL
changeTextWithTime,HV8_W_PREVIOUS_YEAR,374,http://192.168.245.3:9898/monitor/electric/4560_2_282,TAG_4560_2_282,3600000,NULL
changeTextWithTime,HV8_W_TODAY,375,http://192.168.245.3:9898/monitor/electric/4560_2_283,TAG_4560_2_283,3600000,NULL
changeTextWithTime,HV8_W_YEAR,376,http://192.168.245.3:9898/monitor/electric/4560_2_284,TAG_4560_2_284,3600000,NULL
changeTextRound_1,HV9_WATT_VALUE,386,http://192.168.245.3:9898/monitor/electric/4560_2_82,TAG_4560_2_82,3600000,NULL
changeTextRound_0,HV9_WH_HOUR,387,http://192.168.245.3:9898/monitor/electric/4560_2_83,TAG_4560_2_83,3600000,NULL
changeTextRound_0,HV9_WH_MONTH,389,http://192.168.245.3:9898/monitor/electric/4560_2_84,TAG_4560_2_84,3600000,NULL
changeTextRound_0,HV9_WH_PREVIOUS_DAY,391,http://192.168.245.3:9898/monitor/electric/4560_2_85,TAG_4560_2_85,3600000,NULL
changeTextRound_0,HV9_WH_PREVIOUS_HOUR,393,http://192.168.245.3:9898/monitor/electric/4560_2_86,TAG_4560_2_86,3600000,NULL
changeTextRound_0,HV9_WH_PREVIOUS_MONTH,395,http://192.168.245.3:9898/monitor/electric/4560_2_87,TAG_4560_2_87,3600000,NULL
changeTextRound_0,HV9_WH_PREVIOUS_YEAR,397,http://192.168.245.3:9898/monitor/electric/4560_2_88,TAG_4560_2_88,3600000,NULL
changeTextRound_0,HV9_WH_TODAY,399,http://192.168.245.3:9898/monitor/electric/4560_2_89,TAG_4560_2_89,3600000,NULL
changeTextRound_0,HV9_WH_YEAR,401,http://192.168.245.3:9898/monitor/electric/4560_2_90,TAG_4560_2_90,3600000,NULL
changeTextWithTime,HV9_W_MONTH,414,http://192.168.245.3:9898/monitor/electric/4560_2_285,TAG_4560_2_285,3600000,NULL
changeTextWithTime,HV9_W_PREVIOUS_DAY,415,http://192.168.245.3:9898/monitor/electric/4560_2_286,TAG_4560_2_286,3600000,NULL
changeTextWithTime,HV9_W_PREVIOUS_MONTH5,416,http://192.168.245.3:9898/monitor/electric/4560_2_287,TAG_4560_2_287,3600000,NULL
changeTextWithTime,HV9_W_PREVIOUS_YEAR,417,http://192.168.245.3:9898/monitor/electric/4560_2_288,TAG_4560_2_288,3600000,NULL
changeTextWithTime,HV9_W_TODAY,418,http://192.168.245.3:9898/monitor/electric/4560_2_289,TAG_4560_2_289,3600000,NULL
changeTextWithTime,HV9_W_YEAR,419,http://192.168.245.3:9898/monitor/electric/4560_2_290,TAG_4560_2_290,3600000,NULL
changeTextRound_1,LV1_WATT_VALUE,430,http://192.168.245.3:9898/monitor/electric/4560_2_119,TAG_4560_2_119,3600000,NULL
changeTextRound_0,LV1_WH_HOUR,431,http://192.168.245.3:9898/monitor/electric/4560_2_120,TAG_4560_2_120,3600000,NULL
changeTextRound_0,LV1_WH_MONTH,432,http://192.168.245.3:9898/monitor/electric/4560_2_121,TAG_4560_2_121,3600000,NULL
changeTextRound_0,LV1_WH_PREVIOUS_DAY,434,http://192.168.245.3:9898/monitor/electric/4560_2_122,TAG_4560_2_122,3600000,NULL
changeTextRound_0,LV1_WH_PREVIOUS_HOUR,436,http://192.168.245.3:9898/monitor/electric/4560_2_123,TAG_4560_2_123,3600000,NULL
changeTextRound_0,LV1_WH_PREVIOUS_MONTH,438,http://192.168.245.3:9898/monitor/electric/4560_2_124,TAG_4560_2_124,3600000,NULL
changeTextRound_0,LV1_WH_PREVIOUS_YEAR7,440,http://192.168.245.3:9898/monitor/electric/4560_2_125,TAG_4560_2_125,3600000,NULL
changeTextRound_0,LV1_WH_TODAY,442,http://192.168.245.3:9898/monitor/electric/4560_2_126,TAG_4560_2_126,3600000,NULL
changeTextRound_0,LV1_WH_YEAR,444,http://192.168.245.3:9898/monitor/electric/4560_2_127,TAG_4560_2_127,3600000,NULL
changeTextWithTime,LV1_W_MONTH,461,http://192.168.245.3:9898/monitor/electric/4560_2_303,TAG_4560_2_303,3600000,NULL
changeTextWithTime,LV1_W_PREVIOUS_DAY,462,http://192.168.245.3:9898/monitor/electric/4560_2_304,TAG_4560_2_304,3600000,NULL
changeTextWithTime,LV1_W_PREVIOUS_MONTH,463,http://192.168.245.3:9898/monitor/electric/4560_2_305,TAG_4560_2_305,3600000,NULL
changeTextWithTime,LV1_W_PREVIOUS_YEAR,464,http://192.168.245.3:9898/monitor/electric/4560_2_306,TAG_4560_2_306,3600000,NULL
changeTextWithTime,LV1_W_TODAY,465,http://192.168.245.3:9898/monitor/electric/4560_2_307,TAG_4560_2_307,3600000,NULL
changeTextWithTime,LV1_W_YEAR,466,http://192.168.245.3:9898/monitor/electric/4560_2_308,TAG_4560_2_308,3600000,NULL
changeTextRound_1,LV13_WATT_VALUE,477,http://192.168.245.3:9898/monitor/electric/4560_2_176,TAG_4560_2_176,3600000,NULL
changeTextRound_0,LV13_WH_HOUR,478,http://192.168.245.3:9898/monitor/electric/4560_2_177,TAG_4560_2_177,3600000,NULL
changeTextRound_0,LV13_WH_MONTH,479,http://192.168.245.3:9898/monitor/electric/4560_2_178,TAG_4560_2_178,3600000,NULL
changeTextRound_0,LV13_WH_PREVIOUS_DAY,480,http://192.168.245.3:9898/monitor/electric/4560_2_179,TAG_4560_2_179,3600000,NULL
changeTextRound_0,LV13_WH_PREVIOUS_HOUR,481,http://192.168.245.3:9898/monitor/electric/4560_2_180,TAG_4560_2_180,3600000,NULL
changeTextRound_0,LV13_WH_PREVIOUS_MONTH,482,http://192.168.245.3:9898/monitor/electric/4560_2_181,TAG_4560_2_181,3600000,NULL
changeTextRound_0,LV13_WH_PREVIOUS_YEAR,483,http://192.168.245.3:9898/monitor/electric/4560_2_182,TAG_4560_2_182,3600000,NULL
changeTextRound_0,LV13_WH_TODAY,484,http://192.168.245.3:9898/monitor/electric/4560_2_183,TAG_4560_2_183,3600000,NULL
changeTextRound_0,LV13_WH_YEAR,485,http://192.168.245.3:9898/monitor/electric/4560_2_184,TAG_4560_2_184,3600000,NULL
changeTextWithTime,LV13_W_MONTH,508,http://192.168.245.3:9898/monitor/electric/4560_2_321,TAG_4560_2_321,3600000,NULL
changeTextWithTime,LV13_W_PREVIOUS_DAY,509,http://192.168.245.3:9898/monitor/electric/4560_2_322,TAG_4560_2_322,3600000,NULL
changeTextWithTime,LV13_W_PREVIOUS_MONTH,510,http://192.168.245.3:9898/monitor/electric/4560_2_323,TAG_4560_2_323,3600000,NULL
changeTextWithTime,LV13_W_PREVIOUS_YEAR,511,http://192.168.245.3:9898/monitor/electric/4560_2_324,TAG_4560_2_324,3600000,NULL
changeTextWithTime,LV13_W_TODAY,512,http://192.168.245.3:9898/monitor/electric/4560_2_325,TAG_4560_2_325,3600000,NULL
changeTextWithTime,LV13_W_YEAR,513,http://192.168.245.3:9898/monitor/electric/4560_2_326,TAG_4560_2_326,3600000,NULL
changeTextRound_1,LV14_WATT_VALUE,524,http://192.168.245.3:9898/monitor/electric/4560_2_195,TAG_4560_2_195,3600000,NULL
changeTextRound_0,LV14_WH_HOUR,525,http://192.168.245.3:9898/monitor/electric/4560_2_196,TAG_4560_2_196,3600000,NULL
changeTextRound_0,LV14_WH_MONTH,526,http://192.168.245.3:9898/monitor/electric/4560_2_197,TAG_4560_2_197,3600000,NULL
changeTextRound_0,LV14_WH_PREVIOUS_DAY,527,http://192.168.245.3:9898/monitor/electric/4560_2_198,TAG_4560_2_198,3600000,NULL
changeTextRound_0,LV14_WH_PREVIOUS_HOUR,528,http://192.168.245.3:9898/monitor/electric/4560_2_199,TAG_4560_2_199,3600000,NULL
changeTextRound_0,LV14_WH_PREVIOUS_MONTH,529,http://192.168.245.3:9898/monitor/electric/4560_2_200,TAG_4560_2_200,3600000,NULL
changeTextRound_0,LV14_WH_PREVIOUS_YEAR,530,http://192.168.245.3:9898/monitor/electric/4560_2_201,TAG_4560_2_201,3600000,NULL
changeTextRound_0,LV14_WH_TODAY,531,http://192.168.245.3:9898/monitor/electric/4560_2_202,TAG_4560_2_202,3600000,NULL
changeTextRound_0,LV14_WH_YEAR,532,http://192.168.245.3:9898/monitor/electric/4560_2_203,TAG_4560_2_203,3600000,NULL
changeTextWithTime,LV14_W_MONTH,550,http://192.168.245.3:9898/monitor/electric/4560_2_327,TAG_4560_2_327,3600000,NULL
changeTextWithTime,LV14_W_PREVIOUS_DAY,551,http://192.168.245.3:9898/monitor/electric/4560_2_328,TAG_4560_2_328,3600000,NULL
changeTextWithTime,LV14_W_PREVIOUS_MONTH,552,http://192.168.245.3:9898/monitor/electric/4560_2_329,TAG_4560_2_329,3600000,NULL
changeTextWithTime,LV14_W_PREVIOUS_YEAR,553,http://192.168.245.3:9898/monitor/electric/4560_2_330,TAG_4560_2_330,3600000,NULL
changeTextWithTime,LV14_W_TODAY,554,http://192.168.245.3:9898/monitor/electric/4560_2_331,TAG_4560_2_331,3600000,NULL
changeTextWithTime,LV14_W_YEAR,555,http://192.168.245.3:9898/monitor/electric/4560_2_332,TAG_4560_2_332,3600000,NULL
changeTextRound_1,LV4_WATT_VALUE,566,http://192.168.245.3:9898/monitor/electric/4560_2_138,TAG_4560_2_138,3600000,NULL
changeTextRound_0,LV4_WH_HOUR,567,http://192.168.245.3:9898/monitor/electric/4560_2_139,TAG_4560_2_139,3600000,NULL
changeTextRound_0,LV4_WH_MONTH,568,http://192.168.245.3:9898/monitor/electric/4560_2_140,TAG_4560_2_140,3600000,NULL
changeTextRound_0,LV4_WH_PREVIOUS_DAY,569,http://192.168.245.3:9898/monitor/electric/4560_2_141,TAG_4560_2_141,3600000,NULL
changeTextRound_0,LV4_WH_PREVIOUS_HOUR,570,http://192.168.245.3:9898/monitor/electric/4560_2_142,TAG_4560_2_142,3600000,NULL
changeTextRound_0,LV4_WH_PREVIOUS_MONTH,571,http://192.168.245.3:9898/monitor/electric/4560_2_143,TAG_4560_2_143,3600000,NULL
changeTextRound_0,LV4_WH_PREVIOUS_YEAR,572,http://192.168.245.3:9898/monitor/electric/4560_2_144,TAG_4560_2_144,3600000,NULL
changeTextRound_0,LV4_WH_TODAY,573,http://192.168.245.3:9898/monitor/electric/4560_2_145,TAG_4560_2_145,3600000,NULL
changeTextRound_0,LV4_WH_YEAR,574,http://192.168.245.3:9898/monitor/electric/4560_2_146,TAG_4560_2_146,3600000,NULL
changeTextWithTime,LV4_W_MONTH,597,http://192.168.245.3:9898/monitor/electric/4560_2_309,TAG_4560_2_309,3600000,NULL
changeTextWithTime,LV4_W_PREVIOUS_DAY,598,http://192.168.245.3:9898/monitor/electric/4560_2_310,TAG_4560_2_310,3600000,NULL
changeTextWithTime,LV4_W_PREVIOUS_MONTH,599,http://192.168.245.3:9898/monitor/electric/4560_2_311,TAG_4560_2_311,3600000,NULL
changeTextWithTime,LV4_W_PREVIOUS_YEAR,600,http://192.168.245.3:9898/monitor/electric/4560_2_312,TAG_4560_2_312,3600000,NULL
changeTextWithTime,LV4_W_TODAY,601,http://192.168.245.3:9898/monitor/electric/4560_2_313,TAG_4560_2_313,3600000,NULL
changeTextWithTime,LV4_W_YEAR,602,http://192.168.245.3:9898/monitor/electric/4560_2_314,TAG_4560_2_314,3600000,NULL
changeTextRound_1,LV8_WATT_VALUE,613,http://192.168.245.3:9898/monitor/electric/4560_2_157,TAG_4560_2_157,3600000,NULL
changeTextRound_0,LV8_WH_HOUR,614,http://192.168.245.3:9898/monitor/electric/4560_2_158,TAG_4560_2_158,3600000,NULL
changeTextRound_0,LV8_WH_MONTH,615,http://192.168.245.3:9898/monitor/electric/4560_2_159,TAG_4560_2_159,3600000,NULL
changeTextRound_0,LV8_WH_PREVIOUS_DAY,616,http://192.168.245.3:9898/monitor/electric/4560_2_160,TAG_4560_2_160,3600000,NULL
changeTextRound_0,LV8_WH_PREVIOUS_HOUR,617,http://192.168.245.3:9898/monitor/electric/4560_2_161,TAG_4560_2_161,3600000,NULL
changeTextRound_0,LV8_WH_PREVIOUS_MONTH,618,http://192.168.245.3:9898/monitor/electric/4560_2_162,TAG_4560_2_162,3600000,NULL
changeTextRound_0,LV8_WH_PREVIOUS_YEAR,619,http://192.168.245.3:9898/monitor/electric/4560_2_163,TAG_4560_2_163,3600000,NULL
changeTextRound_0,LV8_WH_TODAY,620,http://192.168.245.3:9898/monitor/electric/4560_2_164,TAG_4560_2_164,3600000,NULL
changeTextRound_0,LV8_WH_YEAR,621,http://192.168.245.3:9898/monitor/electric/4560_2_165,TAG_4560_2_165,3600000,NULL
changeTextWithTime,LV8_W_MONTH,644,http://192.168.245.3:9898/monitor/electric/4560_2_315,TAG_4560_2_315,3600000,NULL
changeTextWithTime,LV8_W_PREVIOUS_DAY,645,http://192.168.245.3:9898/monitor/electric/4560_2_316,TAG_4560_2_316,3600000,NULL
changeTextWithTime,LV8_W_PREVIOUS_MONTH,646,http://192.168.245.3:9898/monitor/electric/4560_2_317,TAG_4560_2_317,3600000,NULL
changeTextWithTime,LV8_W_PREVIOUS_YEAR,647,http://192.168.245.3:9898/monitor/electric/4560_2_318,TAG_4560_2_318,3600000,NULL
changeTextWithTime,LV8_W_TODAY,648,http://192.168.245.3:9898/monitor/electric/4560_2_319,TAG_4560_2_319,3600000,NULL
changeTextWithTime,LV8_W_YEAR,649,http://192.168.245.3:9898/monitor/electric/4560_2_320,TAG_4560_2_320,3600000,NULL
changeImage,GEN1_CB_STATUS,1,http://192.168.245.3:9898/monitor/electric/4560_5_130,TAG_4560_5_130,NULL,NULL
changeImage,GEN1_LOCAL_REMOTE,2,http://192.168.245.3:9898/monitor/electric/4560_5_131,TAG_4560_5_131,NULL,NULL
changeImage,GEN1_ocgr,3,http://192.168.245.3:9898/monitor/electric/4560_5_135,TAG_4560_5_135,NULL,NULL
changeImage,GEN1_ocr,4,http://192.168.245.3:9898/monitor/electric/4560_5_136,TAG_4560_5_136,NULL,NULL
changeTextRound_1,GEN1_CB_Alarm_Event,5,http://192.168.245.3:9898/monitor/electric/4560_5_156,TAG_4560_5_156,NULL,NULL
changeTextRound_1,GEN1_CB_hand_Event,6,http://192.168.245.3:9898/monitor/electric/4560_5_157,TAG_4560_5_157,NULL,NULL
NULL,GEN1_FREQUENCY_eveM,7,http://192.168.245.3:9898/monitor/electric/4560_5_161,TAG_4560_5_161,NULL,NULL
NULL,GEN1_R_AMP_Event,14,http://192.168.245.3:9898/monitor/electric/4560_5_209,TAG_4560_5_209,NULL,NULL
NULL,GEN1_RS_Volt_Event,15,http://192.168.245.3:9898/monitor/electric/4560_5_213,TAG_4560_5_213,NULL,NULL
NULL,GEN1_S_AMP_Event,16,http://192.168.245.3:9898/monitor/electric/4560_5_214,TAG_4560_5_214,NULL,NULL
changeTextRound_1,GEN1_R_AMP_VALUE,17,http://192.168.245.3:9898/monitor/electric/4560_2_243,TAG_4560_2_243,NULL,NULL
changeTextRound_1,GEN1_S_AMP_VALUE,18,http://192.168.245.3:9898/monitor/electric/4560_2_244,TAG_4560_2_244,NULL,NULL
changeTextRound_1,GEN1_LAMP_VALUE,19,http://192.168.245.3:9898/monitor/electric/4560_2_245,TAG_4560_2_245,NULL,NULL
changeTextRound_1,GEN1_FREQUENCY_VALUE,20,http://192.168.245.3:9898/monitor/electric/4560_2_246,TAG_4560_2_246,NULL,NULL
changeTextRound_1,GEN1_KWH_VALUE,21,http://192.168.245.3:9898/monitor/electric/4560_2_247,TAG_4560_2_247,NULL,NULL
changeTextRound_1,GEN1_PF_VALUE,22,http://192.168.245.3:9898/monitor/electric/4560_2_248,TAG_4560_2_248,NULL,NULL
changeTextRound_1,GEN1_RS_Volt_VALUE,23,http://192.168.245.3:9898/monitor/electric/4560_2_249,TAG_4560_2_249,NULL,NULL
changeTextRound_1,GEN1_ST_Volt_VALUE,24,http://192.168.245.3:9898/monitor/electric/4560_2_250,TAG_4560_2_250,NULL,NULL
changeTextRound_1,GEN1_TR_Volt_VALUE,25,http://192.168.245.3:9898/monitor/electric/4560_2_251,TAG_4560_2_251,NULL,NULL
NULL,GEN1_ST_Volt_Event,41,http://192.168.245.3:9898/monitor/electric/4560_5_316,TAG_4560_5_316,NULL,NULL
NULL,GEN1_T_AMP_Event,42,http://192.168.245.3:9898/monitor/electric/4560_5_317,TAG_4560_5_317,NULL,NULL
NULL,GEN1_TR_Volt_Event,43,http://192.168.245.3:9898/monitor/electric/4560_5_318,TAG_4560_5_318,NULL,NULL
changeTextRound_1,GEN21_R_AMP_VALUE,44,http://192.168.245.3:9898/monitor/electric/4560_2_227,TAG_4560_2_227,NULL,NULL
changeTextRound_1,GEN21_S_AMP_VALUE,45,http://192.168.245.3:9898/monitor/electric/4560_2_228,TAG_4560_2_228,NULL,NULL
changeTextRound_1,GEN21_T_AMP_VALUE,46,http://192.168.245.3:9898/monitor/electric/4560_2_229,TAG_4560_2_229,NULL,NULL
changeTextRound_1,GEN21_PF_VALUE,47,http://192.168.245.3:9898/monitor/electric/4560_2_230,TAG_4560_2_230,NULL,NULL
changeTextRound_1,GEN21_RS_Volt_VALUE,48,http://192.168.245.3:9898/monitor/electric/4560_2_231,TAG_4560_2_231,NULL,NULL
changeTextRound_1,GEN21_ST_Volt_VALUE,49,http://192.168.245.3:9898/monitor/electric/4560_2_232,TAG_4560_2_232,NULL,NULL
changeTextRound_1,GEN21_TR_VoltVALUE,50,http://192.168.245.3:9898/monitor/electric/4560_2_233,TAG_4560_2_233,NULL,NULL
changeImage,GEN21_CB_STATUS,52,http://192.168.245.3:9898/monitor/electric/4560_5_288,TAG_4560_5_288,NULL,NULL
changeImage,GEN21_LOCAL_REMOTE,53,http://192.168.245.3:9898/monitor/electric/4560_5_289,TAG_4560_5_289,NULL,NULL
changeTextRound_1,GEN21_CB_alamLEvent,54,http://192.168.245.3:9898/monitor/electric/4560_5_290,TAG_4560_5_290,NULL,NULL
changeTextRound_1,GEN21_CB_hand_Event,55,http://192.168.245.3:9898/monitor/electric/4560_5_291,TAG_4560_5_291,NULL,NULL
NULL,GEN21_R_AMP_Event,60,http://192.168.245.3:9898/monitor/electric/4560_5_296,TAG_4560_5_296,NULL,NULL
NULL,GEN21_RS_Volt_Event,61,http://192.168.245.3:9898/monitor/electric/4560_5_297,TAG_4560_5_297,NULL,NULL
NULL,GEN21_S_AMP_Event,62,http://192.168.245.3:9898/monitor/electric/4560_5_298,TAG_4560_5_298,NULL,NULL
NULL,GEN21_ST_Volt_Event,63,http://192.168.245.3:9898/monitor/electric/4560_5_299,TAG_4560_5_299,NULL,NULL
NULL,GEN21_T_AMP_Event,64,http://192.168.245.3:9898/monitor/electric/4560_5_300,TAG_4560_5_300,NULL,NULL
NULL,GEN21_TR_Volt_Event,65,http://192.168.245.3:9898/monitor/electric/4560_5_301,TAG_4560_5_301,NULL,NULL
changeTextRound_1,GEN22_R_AMP_VALUE,72,http://192.168.245.3:9898/monitor/electric/4560_2_235,TAG_4560_2_235,NULL,NULL
changeTextRound_1,GEN22_S_AMP_VALUE,73,http://192.168.245.3:9898/monitor/electric/4560_2_236,TAG_4560_2_236,NULL,NULL
changeTextRound_1,GEN22_T_AMP_VALUE,74,http://192.168.245.3:9898/monitor/electric/4560_2_237,TAG_4560_2_237,NULL,NULL
changeTextRound_1,GEN22_PF_VALUE,75,http://192.168.245.3:9898/monitor/electric/4560_2_238,TAG_4560_2_238,NULL,NULL
changeTextRound_1,GEN22_RS_Volt_VALUE,76,http://192.168.245.3:9898/monitor/electric/4560_2_239,TAG_4560_2_239,NULL,NULL
changeTextRound_1,GEN22_ST_Volt_VALUE,77,http://192.168.245.3:9898/monitor/electric/4560_2_240,TAG_4560_2_240,NULL,NULL
changeTextRound_1,GEN22_TR_Volt_VALUE,78,http://192.168.245.3:9898/monitor/electric/4560_2_241,TAG_4560_2_241,NULL,NULL
changeImage,GEN22_CB_STATUS,80,http://192.168.245.3:9898/monitor/electric/4560_5_302,TAG_4560_5_302,NULL,NULL
changeImage,GEN22_LOCAL_REMOTE,81,http://192.168.245.3:9898/monitor/electric/4560_5_303,TAG_4560_5_303,NULL,NULL
changeTextRound_1,GEN22_CB_alatm_Event,82,http://192.168.245.3:9898/monitor/electric/4560_5_304,TAG_4560_5_304,NULL,NULL
changeTextRound_1,GEN22_CB_hand_Event,83,http://192.168.245.3:9898/monitor/electric/4560_5_305,TAG_4560_5_305,NULL,NULL
NULL,GEN22_Peak1_Event,84,http://192.168.245.3:9898/monitor/electric/4560_5_306,TAG_4560_5_306,NULL,NULL
NULL,GEN22_Peak2_Event,85,http://192.168.245.3:9898/monitor/electric/4560_5_307,TAG_4560_5_307,NULL,NULL
NULL,GEN22_Peak3_Event,86,http://192.168.245.3:9898/monitor/electric/4560_5_308,TAG_4560_5_308,NULL,NULL
NULL,GEN22_R_AMP_Event,88,http://192.168.245.3:9898/monitor/electric/4560_5_310,TAG_4560_5_310,NULL,NULL
NULL,GEN22_RS_Volt_Event,89,http://192.168.245.3:9898/monitor/electric/4560_5_311,TAG_4560_5_311,NULL,NULL
NULL,GEN22_S_AMP_Event,90,http://192.168.245.3:9898/monitor/electric/4560_5_312,TAG_4560_5_312,NULL,NULL
NULL,GEN22_ST_Volt_Event,91,http://192.168.245.3:9898/monitor/electric/4560_5_313,TAG_4560_5_313,NULL,NULL
NULL,GEN22_T_AMP_Event,92,http://192.168.245.3:9898/monitor/electric/4560_5_314,TAG_4560_5_314,NULL,NULL
NULL,GEN22_TR_Volt_Event,93,http://192.168.245.3:9898/monitor/electric/4560_5_315,TAG_4560_5_315,NULL,NULL
changeTextRound_1,GEN31_R_AMP_VALUE,100,http://192.168.245.3:9898/monitor/electric/4560_2_211,TAG_4560_2_211,NULL,NULL
changeTextRound_1,GEN31_T_AMP_VALUE,101,http://192.168.245.3:9898/monitor/electric/4560_2_212,TAG_4560_2_212,NULL,NULL
changeTextRound_1,GEN31_S_AMP_VALUE,102,http://192.168.245.3:9898/monitor/electric/4560_2_213,TAG_4560_2_213,NULL,NULL
changeTextRound_1,GEN31_PF_VALUE,103,http://192.168.245.3:9898/monitor/electric/4560_2_214,TAG_4560_2_214,NULL,NULL
changeTextRound_1,GEN31_RS_Volt_VALUE,104,http://192.168.245.3:9898/monitor/electric/4560_2_215,TAG_4560_2_215,NULL,NULL
changeTextRound_1,GEN31_ST_Volt_VALUE,105,http://192.168.245.3:9898/monitor/electric/4560_2_216,TAG_4560_2_216,NULL,NULL
changeTextRound_1,GEN31_TR_Volt_VALUE,106,http://192.168.245.3:9898/monitor/electric/4560_2_217,TAG_4560_2_217,NULL,NULL
changeImage,GEN31_CB_STATUS,108,http://192.168.245.3:9898/monitor/electric/4560_5_260,TAG_4560_5_260,NULL,NULL
changeImage,GEN31_LOCAL_REMOTE,109,http://192.168.245.3:9898/monitor/electric/4560_5_261,TAG_4560_5_261,NULL,NULL
changeTextRound_1,GEN31_CB_Alarm_Event,110,http://192.168.245.3:9898/monitor/electric/4560_5_262,TAG_4560_5_262,NULL,NULL
changeTextRound_1,GEN31_CB_hand_Event,111,http://192.168.245.3:9898/monitor/electric/4560_5_263,TAG_4560_5_263,NULL,NULL
NULL,GEN31_R_AMP_Event,116,http://192.168.245.3:9898/monitor/electric/4560_5_268,TAG_4560_5_268,NULL,NULL
NULL,GEN31_RS_Volt_Event,117,http://192.168.245.3:9898/monitor/electric/4560_5_269,TAG_4560_5_269,NULL,NULL
NULL,GEN31_S_AMP_Event,118,http://192.168.245.3:9898/monitor/electric/4560_5_270,TAG_4560_5_270,NULL,NULL
NULL,GEN31_ST_Volt_Event,119,http://192.168.245.3:9898/monitor/electric/4560_5_271,TAG_4560_5_271,NULL,NULL
NULL,GEN31_T_AMP_Event,120,http://192.168.245.3:9898/monitor/electric/4560_5_272,TAG_4560_5_272,NULL,NULL
NULL,GEN31_TR_Volt_Event,121,http://192.168.245.3:9898/monitor/electric/4560_5_273,TAG_4560_5_273,NULL,NULL
changeTextRound_1,GEN32_R_AMP_VALUE,128,http://192.168.245.3:9898/monitor/electric/4560_2_219,TAG_4560_2_219,NULL,NULL
changeTextRound_1,GEN32_S_AMP_VALUE,129,http://192.168.245.3:9898/monitor/electric/4560_2_220,TAG_4560_2_220,NULL,NULL
changeTextRound_1,GEN32_T_AMP_VALUE,130,http://192.168.245.3:9898/monitor/electric/4560_2_221,TAG_4560_2_221,NULL,NULL
changeTextRound_1,GEN32_PF_VALUE,131,http://192.168.245.3:9898/monitor/electric/4560_2_222,TAG_4560_2_222,NULL,NULL
changeTextRound_1,GEN32_RS_Volt_VALUE,132,http://192.168.245.3:9898/monitor/electric/4560_2_223,TAG_4560_2_223,NULL,NULL
changeTextRound_1,GEN32_ST_Volt_VALUE,133,http://192.168.245.3:9898/monitor/electric/4560_2_224,TAG_4560_2_224,NULL,NULL
changeTextRound_1,GEN32_TR_Volt_VALUE,134,http://192.168.245.3:9898/monitor/electric/4560_2_225,TAG_4560_2_225,NULL,NULL
changeImage,GEN32_CB_STATUS,136,http://192.168.245.3:9898/monitor/electric/4560_5_274,TAG_4560_5_274,NULL,NULL
changeImage,GEN32_LOCAL_REMOTE,137,http://192.168.245.3:9898/monitor/electric/4560_5_275,TAG_4560_5_275,NULL,NULL
changeTextRound_1,GEN32_CB_Alarm_Event,138,http://192.168.245.3:9898/monitor/electric/4560_5_276,TAG_4560_5_276,NULL,NULL
changeTextRound_1,GEN32_CB_hand_Event,139,http://192.168.245.3:9898/monitor/electric/4560_5_277,TAG_4560_5_277,NULL,NULL
NULL,GEN32_R_AMP_Event,144,http://192.168.245.3:9898/monitor/electric/4560_5_282,TAG_4560_5_282,NULL,NULL
NULL,GEN32_RS_Volt_Event,145,http://192.168.245.3:9898/monitor/electric/4560_5_283,TAG_4560_5_283,NULL,NULL
NULL,GEN32_S_AMP_Event,146,http://192.168.245.3:9898/monitor/electric/4560_5_284,TAG_4560_5_284,NULL,NULL
NULL,GEN32_ST_Volt_Event,147,http://192.168.245.3:9898/monitor/electric/4560_5_285,TAG_4560_5_285,NULL,NULL
NULL,GEN32_T_AMP_Event,148,http://192.168.245.3:9898/monitor/electric/4560_5_286,TAG_4560_5_286,NULL,NULL
NULL,GEN32_TR_Volt_Event,149,http://192.168.245.3:9898/monitor/electric/4560_5_287,TAG_4560_5_287,NULL,NULL
changeTextRound_1,HV10_R_AMP_VALUE,156,http://192.168.245.3:9898/monitor/electric/4560_2_91,TAG_4560_2_91,NULL,NULL
changeTextRound_1,HV10_S_AMP_VALUE,157,http://192.168.245.3:9898/monitor/electric/4560_2_92,TAG_4560_2_92,NULL,NULL
changeTextRound_1,HV10_LAMP_VALUE,158,http://192.168.245.3:9898/monitor/electric/4560_2_93,TAG_4560_2_93,NULL,NULL
changeTextRound_1,HV10_FREQUENCY_VALUE,159,http://192.168.245.3:9898/monitor/electric/4560_2_94,TAG_4560_2_94,NULL,NULL
changeTextRound_1,HV10_KWH_VALUE,160,http://192.168.245.3:9898/monitor/electric/4560_2_95,TAG_4560_2_95,NULL,NULL
changeTextRound_1,HV10_PF_VALUE,161,http://192.168.245.3:9898/monitor/electric/4560_2_96,TAG_4560_2_96,NULL,NULL
changeTextRound_1,HV10_RS_Volt_VALUE,162,http://192.168.245.3:9898/monitor/electric/4560_2_97,TAG_4560_2_97,NULL,NULL
changeTextRound_1,HV10_ST_Volt_VALUE,163,http://192.168.245.3:9898/monitor/electric/4560_2_98,TAG_4560_2_98,NULL,NULL
changeTextRound_1,HV10_TR_Volt_VALUE,164,http://192.168.245.3:9898/monitor/electric/4560_2_99,TAG_4560_2_99,NULL,NULL
changeImage,HV10_CB_STATUS,168,http://192.168.245.3:9898/monitor/electric/4560_5_102,TAG_4560_5_102,NULL,NULL
changeImage,HV10_LOCAL_REMOTE,170,http://192.168.245.3:9898/monitor/electric/4560_5_103,TAG_4560_5_103,NULL,NULL
changeImage,HV10_ocgr,172,http://192.168.245.3:9898/monitor/electric/4560_5_104,TAG_4560_5_104,NULL,NULL
changeImage,HV10_ocr,174,http://192.168.245.3:9898/monitor/electric/4560_5_105,TAG_4560_5_105,NULL,NULL
changeTextRound_1,HV10_CB_Alarm_Event,176,http://192.168.245.3:9898/monitor/electric/4560_5_106,TAG_4560_5_106,NULL,NULL
changeTextRound_1,HV10_CB_hand_Event,178,http://192.168.245.3:9898/monitor/electric/4560_5_107,TAG_4560_5_107,NULL,NULL
NULL,HV10_R_AMP_Event,187,http://192.168.245.3:9898/monitor/electric/4560_5_115,TAG_4560_5_115,NULL,NULL
NULL,HV10_RS_Volt_Event,188,http://192.168.245.3:9898/monitor/electric/4560_5_116,TAG_4560_5_116,NULL,NULL
NULL,HV10_S_AMP_Event,189,http://192.168.245.3:9898/monitor/electric/4560_5_117,TAG_4560_5_117,NULL,NULL
NULL,HV10_ST_Volt_Event,190,http://192.168.245.3:9898/monitor/electric/4560_5_118,TAG_4560_5_118,NULL,NULL
NULL,HV10_T_AMP_Event,191,http://192.168.245.3:9898/monitor/electric/4560_5_119,TAG_4560_5_119,NULL,NULL
NULL,HV10_TR_Volt_Event,192,http://192.168.245.3:9898/monitor/electric/4560_5_120,TAG_4560_5_120,NULL,NULL
changeTextRound_1,HV5_R_AMP_VALUE,199,http://192.168.245.3:9898/monitor/electric/4560_2_1,TAG_4560_2_1,NULL,NULL
changeImage,HV5_CB_STATUS,200,http://192.168.245.3:9898/monitor/electric/4560_5_1,TAG_4560_5_1,NULL,NULL
changeTextRound_1,HV5_S_AMP_VALUE,201,http://192.168.245.3:9898/monitor/electric/4560_2_2,TAG_4560_2_2,NULL,NULL
changeImage,HV5_LOCAL_REMOTE,202,http://192.168.245.3:9898/monitor/electric/4560_5_2,TAG_4560_5_2,NULL,NULL
changeTextRound_1,HV5_T_AMP_VALUE,203,http://192.168.245.3:9898/monitor/electric/4560_2_3,TAG_4560_2_3,NULL,NULL
changeImage,HV5_ocgr,204,http://192.168.245.3:9898/monitor/electric/4560_5_3,TAG_4560_5_3,NULL,NULL
changeTextRound_1,HV5_FREQUENCY_VALUE,205,http://192.168.245.3:9898/monitor/electric/4560_2_4,TAG_4560_2_4,NULL,NULL
changeImage,HV5_ocr,206,http://192.168.245.3:9898/monitor/electric/4560_5_4,TAG_4560_5_4,NULL,NULL
changeTextRound_1,HV5_WH_VALUE,207,http://192.168.245.3:9898/monitor/electric/4560_2_5,TAG_4560_2_5,NULL,NULL
NULL,HV5_0P1,208,http://192.168.245.3:9898/monitor/electric/4560_5_5,TAG_4560_5_5,NULL,NULL
changeTextRound_1,HV5_PF_VALUE,209,http://192.168.245.3:9898/monitor/electric/4560_2_6,TAG_4560_2_6,NULL,NULL
changeImage,HV5_ovr,210,http://192.168.245.3:9898/monitor/electric/4560_5_6,TAG_4560_5_6,NULL,NULL
changeTextRound_1,HV5_RS_Volt_VALUE,211,http://192.168.245.3:9898/monitor/electric/4560_2_7,TAG_4560_2_7,NULL,NULL
changeImage,HV5_uvr,212,http://192.168.245.3:9898/monitor/electric/4560_5_7,TAG_4560_5_7,NULL,NULL
changeTextRound_1,HV5_ST_Volt_VALUE,213,http://192.168.245.3:9898/monitor/electric/4560_2_8,TAG_4560_2_8,NULL,NULL
changeTextRound_1,HV5_CB_Alarm_Event,214,http://192.168.245.3:9898/monitor/electric/4560_5_8,TAG_4560_5_8,NULL,NULL
changeTextRound_1,HV5_TR_Volt_VALUE,215,http://192.168.245.3:9898/monitor/electric/4560_2_9,TAG_4560_2_9,NULL,NULL
changeTextRound_1,HV5_CB_hand_Event,216,http://192.168.245.3:9898/monitor/electric/4560_5_9,TAG_4560_5_9,NULL,NULL
NULL,HV5_R_AMP_Event,235,http://192.168.245.3:9898/monitor/electric/4560_5_19,TAG_4560_5_19,NULL,NULL
NULL,HV5_RS_Volt_Event,236,http://192.168.245.3:9898/monitor/electric/4560_5_20,TAG_4560_5_20,NULL,NULL
NULL,HV5_S_AMP_Event,237,http://192.168.245.3:9898/monitor/electric/4560_5_21,TAG_4560_5_21,NULL,NULL
NULL,HV5_ST_Volt_Event,238,http://192.168.245.3:9898/monitor/electric/4560_5_22,TAG_4560_5_22,NULL,NULL
NULL,HV5_T_AMP_Event,239,http://192.168.245.3:9898/monitor/electric/4560_5_23,TAG_4560_5_23,NULL,NULL
NULL,HV5_TR_Volt_Event,240,http://192.168.245.3:9898/monitor/electric/4560_5_24,TAG_4560_5_24,NULL,NULL
changeTextRound_1,HV6_R_AMP_VALUE,248,http://192.168.245.3:9898/monitor/electric/4560_2_19,TAG_4560_2_19,NULL,NULL
changeTextRound_1,HV6_S_AMP_VALUE,249,http://192.168.245.3:9898/monitor/electric/4560_2_20,TAG_4560_2_20,NULL,NULL
changeTextRound_1,HV6_T_AMP_VALUE,250,http://192.168.245.3:9898/monitor/electric/4560_2_21,TAG_4560_2_21,NULL,NULL
changeTextRound_1,HV6_FREQUENCY_VALUE,251,http://192.168.245.3:9898/monitor/electric/4560_2_22,TAG_4560_2_22,NULL,NULL
changeTextRound_1,HV6_KWH_VALUE,252,http://192.168.245.3:9898/monitor/electric/4560_2_23,TAG_4560_2_23,NULL,NULL
changeTextRound_1,HV6_PF_VALUE,253,http://192.168.245.3:9898/monitor/electric/4560_2_24,TAG_4560_2_24,NULL,NULL
changeTextRound_1,HV6_RS_Volt_VALUE,254,http://192.168.245.3:9898/monitor/electric/4560_2_25,TAG_4560_2_25,NULL,NULL
changeTextRound_1,HV6_ST_Volt_VALUE,255,http://192.168.245.3:9898/monitor/electric/4560_2_26,TAG_4560_2_26,NULL,NULL
changeImage,HV6_CB_STATUS,256,http://192.168.245.3:9898/monitor/electric/4560_5_26,TAG_4560_5_26,NULL,NULL
changeTextRound_1,HV6_TR_Volt_VALUE,257,http://192.168.245.3:9898/monitor/electric/4560_2_27,TAG_4560_2_27,NULL,NULL
changeImage,HV6_LOCAL_REMOTE,258,http://192.168.245.3:9898/monitor/electric/4560_5_27,TAG_4560_5_27,NULL,NULL
changeImage,HV6_ocgr,260,http://192.168.245.3:9898/monitor/electric/4560_5_28,TAG_4560_5_28,NULL,NULL
changeImage,HV6_ocr,262,http://192.168.245.3:9898/monitor/electric/4560_5_29,TAG_4560_5_29,NULL,NULL
changeTextRound_1,HV6_CB_Alarm_Event,264,http://192.168.245.3:9898/monitor/electric/4560_5_30,TAG_4560_5_30,NULL,NULL
changeTextRound_1,HV6_CB_hand_Event,266,http://192.168.245.3:9898/monitor/electric/4560_5_31,TAG_4560_5_31,NULL,NULL
NULL,HV6_R_AMP_Event,279,http://192.168.245.3:9898/monitor/electric/4560_5_39,TAG_4560_5_39,NULL,NULL
NULL,HV6_RS_Volt_Event,280,http://192.168.245.3:9898/monitor/electric/4560_5_40,TAG_4560_5_40,NULL,NULL
NULL,HV6_S_AMP_Event,281,http://192.168.245.3:9898/monitor/electric/4560_5_41,TAG_4560_5_41,NULL,NULL
NULL,HV6_ST_Volt_Event,282,http://192.168.245.3:9898/monitor/electric/4560_5_42,TAG_4560_5_42,NULL,NULL
NULL,HV6_T_AMP_Event,283,http://192.168.245.3:9898/monitor/electric/4560_5_43,TAG_4560_5_43,NULL,NULL
NULL,HV6_TR_Volt_Event,284,http://192.168.245.3:9898/monitor/electric/4560_5_44,TAG_4560_5_44,NULL,NULL
changeTextRound_1,HV7_R_AMP_VALUE,291,http://192.168.245.3:9898/monitor/electric/4560_2_37,TAG_4560_2_37,NULL,NULL
changeTextRound_1,HV7_S_AMP_VALUE,292,http://192.168.245.3:9898/monitor/electric/4560_2_38,TAG_4560_2_38,NULL,NULL
changeTextRound_1,HV7_T_AMP_VALUE,293,http://192.168.245.3:9898/monitor/electric/4560_2_39,TAG_4560_2_39,NULL,NULL
changeTextRound_1,HV7_FREQUENCY_VALUE,294,http://192.168.245.3:9898/monitor/electric/4560_2_40,TAG_4560_2_40,NULL,NULL
changeTextRound_1,HV7_WI_VALUE,295,http://192.168.245.3:9898/monitor/electric/4560_2_41,TAG_4560_2_41,NULL,NULL
changeTextRound_1,HV7_PF_VALUE,296,http://192.168.245.3:9898/monitor/electric/4560_2_42,TAG_4560_2_42,NULL,NULL
changeTextRound_1,HV7_RS_Volt_VALUE,297,http://192.168.245.3:9898/monitor/electric/4560_2_43,TAG_4560_2_43,NULL,NULL
changeTextRound_1,HV7_st_Volt_VALUE,298,http://192.168.245.3:9898/monitor/electric/4560_2_44,TAG_4560_2_44,NULL,NULL
changeTextRound_1,HV7_TR_Volt_VALUE,299,http://192.168.245.3:9898/monitor/electric/4560_2_45,TAG_4560_2_45,NULL,NULL
changeImage,HV7_CB_STATUS,300,http://192.168.245.3:9898/monitor/electric/4560_5_45,TAG_4560_5_45,NULL,NULL
changeImage,HV7_local_remote,302,http://192.168.245.3:9898/monitor/electric/4560_5_46,TAG_4560_5_46,NULL,NULL
changeImage,HV7_ocgr,304,http://192.168.245.3:9898/monitor/electric/4560_5_47,TAG_4560_5_47,NULL,NULL
changeImage,HV7_ocr,306,http://192.168.245.3:9898/monitor/electric/4560_5_48,TAG_4560_5_48,NULL,NULL
changeTextRound_1,HV7_CB_Alarm_Event,308,http://192.168.245.3:9898/monitor/electric/4560_5_49,TAG_4560_5_49,NULL,NULL
changeTextRound_1,HV7_CB_hand_Event,310,http://192.168.245.3:9898/monitor/electric/4560_5_50,TAG_4560_5_50,NULL,NULL
NULL,HV7_R_AMP_Event,322,http://192.168.245.3:9898/monitor/electric/4560_5_58,TAG_4560_5_58,NULL,NULL
NULL,HV7_RS_Volt_Event,323,http://192.168.245.3:9898/monitor/electric/4560_5_59,TAG_4560_5_59,NULL,NULL
NULL,HV7_S_AMP_Event,324,http://192.168.245.3:9898/monitor/electric/4560_5_60,TAG_4560_5_60,NULL,NULL
NULL,HV7_ST_Volt_Event,325,http://192.168.245.3:9898/monitor/electric/4560_5_61,TAG_4560_5_61,NULL,NULL
NULL,HV7_TR_Volt_Event,327,http://192.168.245.3:9898/monitor/electric/4560_5_63,TAG_4560_5_63,NULL,NULL
changeTextRound_1,HV8_R_AMP_VALUE,334,http://192.168.245.3:9898/monitor/electric/4560_2_55,TAG_4560_2_55,NULL,NULL
changeTextRound_1,HV8_S_AMP_VALUE,335,http://192.168.245.3:9898/monitor/electric/4560_2_56,TAG_4560_2_56,NULL,NULL
changeTextRound_1,HV8_LAMP_VALUE,336,http://192.168.245.3:9898/monitor/electric/4560_2_57,TAG_4560_2_57,NULL,NULL
changeTextRound_1,HV8_FREQUENCY_VALUE,337,http://192.168.245.3:9898/monitor/electric/4560_2_58,TAG_4560_2_58,NULL,NULL
changeTextRound_1,HV8_KWH_VALUE,338,http://192.168.245.3:9898/monitor/electric/4560_2_59,TAG_4560_2_59,NULL,NULL
changeTextRound_1,HV8_PF_VALUE,339,http://192.168.245.3:9898/monitor/electric/4560_2_60,TAG_4560_2_60,NULL,NULL
changeTextRound_1,HV8_RS_Volt_VALUE,340,http://192.168.245.3:9898/monitor/electric/4560_2_61,TAG_4560_2_61,NULL,NULL
changeTextRound_1,HV8_ST_Volt_VALUE,341,http://192.168.245.3:9898/monitor/electric/4560_2_62,TAG_4560_2_62,NULL,NULL
changeTextRound_1,HV8_TR_Volt_VALUE,342,http://192.168.245.3:9898/monitor/electric/4560_2_63,TAG_4560_2_63,NULL,NULL
changeImage,HV8_CB_STATUS,344,http://192.168.245.3:9898/monitor/electric/4560_5_64,TAG_4560_5_64,NULL,NULL
changeImage,HV8_LOCAL_REMOTE,346,http://192.168.245.3:9898/monitor/electric/4560_5_65,TAG_4560_5_65,NULL,NULL
changeImage,HV8_ocgr,348,http://192.168.245.3:9898/monitor/electric/4560_5_66,TAG_4560_5_66,NULL,NULL
changeImage,HV8_ocr,350,http://192.168.245.3:9898/monitor/electric/4560_5_67,TAG_4560_5_67,NULL,NULL
changeTextRound_1,HV8_CB_Alarm_Event,352,http://192.168.245.3:9898/monitor/electric/4560_5_68,TAG_4560_5_68,NULL,NULL
changeTextRound_1,HV8_CB_hand_Event,354,http://192.168.245.3:9898/monitor/electric/4560_5_69,TAG_4560_5_69,NULL,NULL
NULL,HV8_R_AMP_Event,365,http://192.168.245.3:9898/monitor/electric/4560_5_77,TAG_4560_5_77,NULL,NULL
NULL,HV8_RS_Volt_Event,366,http://192.168.245.3:9898/monitor/electric/4560_5_78,TAG_4560_5_78,NULL,NULL
NULL,HV8_S_AMP_Event,367,http://192.168.245.3:9898/monitor/electric/4560_5_79,TAG_4560_5_79,NULL,NULL
NULL,HV8_ST_Volt_Event,368,http://192.168.245.3:9898/monitor/electric/4560_5_80,TAG_4560_5_80,NULL,NULL
NULL,HV8_T_AMP_Event,369,http://192.168.245.3:9898/monitor/electric/4560_5_81,TAG_4560_5_81,NULL,NULL
NULL,HV8_TR_Volt_Event,370,http://192.168.245.3:9898/monitor/electric/4560_5_82,TAG_4560_5_82,NULL,NULL
changeTextRound_1,HV9_R_AMP_VALUE,377,http://192.168.245.3:9898/monitor/electric/4560_2_73,TAG_4560_2_73,NULL,NULL
changeTextRound_1,HV9_S_AMP_VALUE,378,http://192.168.245.3:9898/monitor/electric/4560_2_74,TAG_4560_2_74,NULL,NULL
changeTextRound_1,HV9_LAMP_VALUE,379,http://192.168.245.3:9898/monitor/electric/4560_2_75,TAG_4560_2_75,NULL,NULL
changeTextRound_1,HV9_frequoncy_VALUE,380,http://192.168.245.3:9898/monitor/electric/4560_2_76,TAG_4560_2_76,NULL,NULL
changeTextRound_1,HV9_KWH_VALUE,381,http://192.168.245.3:9898/monitor/electric/4560_2_77,TAG_4560_2_77,NULL,NULL
changeTextRound_1,HV9_PF_VALUE,382,http://192.168.245.3:9898/monitor/electric/4560_2_78,TAG_4560_2_78,NULL,NULL
changeTextRound_1,HV9_RS_Volt_VALUE,383,http://192.168.245.3:9898/monitor/electric/4560_2_79,TAG_4560_2_79,NULL,NULL
changeTextRound_1,HV9_ST_Volt_VALUE,384,http://192.168.245.3:9898/monitor/electric/4560_2_80,TAG_4560_2_80,NULL,NULL
changeTextRound_1,HV9_TR_Volt_VALUE,385,http://192.168.245.3:9898/monitor/electric/4560_2_81,TAG_4560_2_81,NULL,NULL
changeImage,HV9_CB_STATUS,388,http://192.168.245.3:9898/monitor/electric/4560_5_83,TAG_4560_5_83,NULL,NULL
changeImage,HV9_LOCAL_REMOTE,390,http://192.168.245.3:9898/monitor/electric/4560_5_84,TAG_4560_5_84,NULL,NULL
changeImage,HV9_ocgr,392,http://192.168.245.3:9898/monitor/electric/4560_5_85,TAG_4560_5_85,NULL,NULL
changeImage,HV9_ocr,394,http://192.168.245.3:9898/monitor/electric/4560_5_86,TAG_4560_5_86,NULL,NULL
changeTextRound_1,HV9_CB_Alarm_Event,396,http://192.168.245.3:9898/monitor/electric/4560_5_87,TAG_4560_5_87,NULL,NULL
changeTextRound_1,HV9_CB_hand_Event,398,http://192.168.245.3:9898/monitor/electric/4560_5_88,TAG_4560_5_88,NULL,NULL
NULL,HV9_R_AMP_Event,408,http://192.168.245.3:9898/monitor/electric/4560_5_96,TAG_4560_5_96,NULL,NULL
NULL,HV9_RS_Volt_Event,409,http://192.168.245.3:9898/monitor/electric/4560_5_97,TAG_4560_5_97,NULL,NULL
NULL,HV9_S_AMP_Event,410,http://192.168.245.3:9898/monitor/electric/4560_5_98,TAG_4560_5_98,NULL,NULL
NULL,HV9_ST_Volt_Event,411,http://192.168.245.3:9898/monitor/electric/4560_5_99,TAG_4560_5_99,NULL,NULL
NULL,HV9_T_AMP_Event,412,http://192.168.245.3:9898/monitor/electric/4560_5_100,TAG_4560_5_100,NULL,NULL
NULL,HV9_TR_Volt_Event,413,http://192.168.245.3:9898/monitor/electric/4560_5_101,TAG_4560_5_101,NULL,NULL
changeTextRound_1,LV1_AI_1_VALUE,420,http://192.168.245.3:9898/monitor/electric/4560_2_109,TAG_4560_2_109,NULL,NULL
changeTextRound_1,LV1_AI_2_VALUE,421,http://192.168.245.3:9898/monitor/electric/4560_2_110,TAG_4560_2_110,NULL,NULL
changeTextRound_1,LV1_R_AMP_VALUE,422,http://192.168.245.3:9898/monitor/electric/4560_2_111,TAG_4560_2_111,NULL,NULL
changeTextRound_1,LV1_T_AMP_VALUE,423,http://192.168.245.3:9898/monitor/electric/4560_2_112,TAG_4560_2_112,NULL,NULL
changeTextRound_1,LV1_T_AMP_VALUE,424,http://192.168.245.3:9898/monitor/electric/4560_2_113,TAG_4560_2_113,NULL,NULL
changeTextRound_1,LV1_KWH_VALUE,425,http://192.168.245.3:9898/monitor/electric/4560_2_114,TAG_4560_2_114,NULL,NULL
changeTextRound_1,LV1_PF_VALUE,426,http://192.168.245.3:9898/monitor/electric/4560_2_115,TAG_4560_2_115,NULL,NULL
changeTextRound_1,LV1_RS_Volt_VALUE,427,http://192.168.245.3:9898/monitor/electric/4560_2_116,TAG_4560_2_116,NULL,NULL
changeTextRound_1,LV1_ST_Volt_VALUE,428,http://192.168.245.3:9898/monitor/electric/4560_2_117,TAG_4560_2_117,NULL,NULL
changeTextRound_1,LV1_TR_Volt_VALUE,429,http://192.168.245.3:9898/monitor/electric/4560_2_118,TAG_4560_2_118,NULL,NULL
NULL,LV1_ATS-G,435,http://192.168.245.3:9898/monitor/electric/4560_5_122,TAG_4560_5_122,NULL,NULL
NULL,LV1_ATS-K,437,http://192.168.245.3:9898/monitor/electric/4560_5_123,TAG_4560_5_123,NULL,NULL
changeImage,LV1_CB_STATUS,439,http://192.168.245.3:9898/monitor/electric/4560_5_124,TAG_4560_5_124,NULL,NULL
NULL,LV1_ELD_1,441,http://192.168.245.3:9898/monitor/electric/4560_5_125,TAG_4560_5_125,NULL,NULL
NULL,LV1_ELD_2,443,http://192.168.245.3:9898/monitor/electric/4560_5_126,TAG_4560_5_126,NULL,NULL
NULL,LV1_ELD_3,445,http://192.168.245.3:9898/monitor/electric/4560_5_127,TAG_4560_5_127,NULL,NULL
NULL,LV1_ELD_4,446,http://192.168.245.3:9898/monitor/electric/4560_5_128,TAG_4560_5_128,NULL,NULL
changeImage,LV1_LOCAL_REMOTE,447,http://192.168.245.3:9898/monitor/electric/4560_5_129,TAG_4560_5_129,NULL,NULL
changeImage,LV1_TIE_ACB,448,http://192.168.245.3:9898/monitor/electric/4560_5_132,TAG_4560_5_132,NULL,NULL
changeImage,LV1_CB_Alarm_Event,449,http://192.168.245.3:9898/monitor/electric/4560_5_133,TAG_4560_5_133,NULL,NULL
changeImage,LV1_CB_hand_Event,450,http://192.168.245.3:9898/monitor/electric/4560_5_134,TAG_4560_5_134,NULL,NULL
NULL,LV1_R_AMP_Event,455,http://192.168.245.3:9898/monitor/electric/4560_5_141,TAG_4560_5_141,NULL,NULL
NULL,LV1_RS_Volt_Event,456,http://192.168.245.3:9898/monitor/electric/4560_5_142,TAG_4560_5_142,NULL,NULL
NULL,LV1_S_AMP_Event,457,http://192.168.245.3:9898/monitor/electric/4560_5_143,TAG_4560_5_143,NULL,NULL
NULL,LV1_ST_Volt_Event,458,http://192.168.245.3:9898/monitor/electric/4560_5_144,TAG_4560_5_144,NULL,NULL
NULL,LV1_T_AMP_Event,459,http://192.168.245.3:9898/monitor/electric/4560_5_145,TAG_4560_5_145,NULL,NULL
NULL,LV1_TR_Volt_Event,460,http://192.168.245.3:9898/monitor/electric/4560_5_146,TAG_4560_5_146,NULL,NULL
changeTextRound_1,LV13_AI_1_VALUE,467,http://192.168.245.3:9898/monitor/electric/4560_2_166,TAG_4560_2_166,NULL,NULL
changeTextRound_1,LV13_AI_2_VALUE,468,http://192.168.245.3:9898/monitor/electric/4560_2_167,TAG_4560_2_167,NULL,NULL
changeTextRound_1,LV13_R_AMP_VALUE,469,http://192.168.245.3:9898/monitor/electric/4560_2_168,TAG_4560_2_168,NULL,NULL
changeTextRound_1,LV13_S_AMP_VALUE,470,http://192.168.245.3:9898/monitor/electric/4560_2_169,TAG_4560_2_169,NULL,NULL
changeTextRound_1,LV13_T_AMP_VALUE,471,http://192.168.245.3:9898/monitor/electric/4560_2_170,TAG_4560_2_170,NULL,NULL
changeTextRound_1,LV13_KWH_VALUE,472,http://192.168.245.3:9898/monitor/electric/4560_2_171,TAG_4560_2_171,NULL,NULL
changeTextRound_1,LV13_PF_VALUE,473,http://192.168.245.3:9898/monitor/electric/4560_2_172,TAG_4560_2_172,NULL,NULL
changeTextRound_1,LV13_RS_Volt_VALUE,474,http://192.168.245.3:9898/monitor/electric/4560_2_173,TAG_4560_2_173,NULL,NULL
changeTextRound_1,LV13_ST_Volt_VALUE,475,http://192.168.245.3:9898/monitor/electric/4560_2_174,TAG_4560_2_174,NULL,NULL
changeTextRound_1,LV13_TR_Volt_VALUE,476,http://192.168.245.3:9898/monitor/electric/4560_2_175,TAG_4560_2_175,NULL,NULL
NULL,LV13_ATS_G,487,http://192.168.245.3:9898/monitor/electric/4560_5_200,TAG_4560_5_200,NULL,NULL
NULL,LV13_ATS_K,488,http://192.168.245.3:9898/monitor/electric/4560_5_201,TAG_4560_5_201,NULL,NULL
changeImage,LV13_CB_STATUS,489,http://192.168.245.3:9898/monitor/electric/4560_5_202,TAG_4560_5_202,NULL,NULL
NULL,LV13_ELD_1,490,http://192.168.245.3:9898/monitor/electric/4560_5_203,TAG_4560_5_203,NULL,NULL
NULL,LV13_ELD_2,491,http://192.168.245.3:9898/monitor/electric/4560_5_204,TAG_4560_5_204,NULL,NULL
NULL,LV13_ELD_3,492,http://192.168.245.3:9898/monitor/electric/4560_5_205,TAG_4560_5_205,NULL,NULL
NULL,LV13_ELD_4,493,http://192.168.245.3:9898/monitor/electric/4560_5_206,TAG_4560_5_206,NULL,NULL
changeImage,LV13_LOCAL_REMOTE,494,http://192.168.245.3:9898/monitor/electric/4560_5_207,TAG_4560_5_207,NULL,NULL
changeImage,LV13_TIE_ACB,495,http://192.168.245.3:9898/monitor/electric/4560_5_210,TAG_4560_5_210,NULL,NULL
changeImage,LV13_CB_alerm_Event,496,http://192.168.245.3:9898/monitor/electric/4560_5_211,TAG_4560_5_211,NULL,NULL
changeImage,LV13_CB_hand_Event,497,http://192.168.245.3:9898/monitor/electric/4560_5_212,TAG_4560_5_212,NULL,NULL
NULL,LV13_R_AMP_Event,502,http://192.168.245.3:9898/monitor/electric/4560_5_219,TAG_4560_5_219,NULL,NULL
NULL,LV13_RS_Volt_Event,503,http://192.168.245.3:9898/monitor/electric/4560_5_220,TAG_4560_5_220,NULL,NULL
NULL,LV13_S_AMP_Event,504,http://192.168.245.3:9898/monitor/electric/4560_5_221,TAG_4560_5_221,NULL,NULL
NULL,LV13_ST_Volt_Event,505,http://192.168.245.3:9898/monitor/electric/4560_5_222,TAG_4560_5_222,NULL,NULL
NULL,LV13_T_AMP_Event,506,http://192.168.245.3:9898/monitor/electric/4560_5_223,TAG_4560_5_223,NULL,NULL
NULL,LV13_TR_Volt_Event,507,http://192.168.245.3:9898/monitor/electric/4560_5_224,TAG_4560_5_224,NULL,NULL
changeTextRound_1,LV14_AI-1_VALUE,514,http://192.168.245.3:9898/monitor/electric/4560_2_185,TAG_4560_2_185,NULL,NULL
changeTextRound_1,LV14_AI_2_VALUE,515,http://192.168.245.3:9898/monitor/electric/4560_2_186,TAG_4560_2_186,NULL,NULL
changeTextRound_1,LV14_R_AMP_VALUE,516,http://192.168.245.3:9898/monitor/electric/4560_2_187,TAG_4560_2_187,NULL,NULL
changeTextRound_1,LV14_S_AMP_VALUE,517,http://192.168.245.3:9898/monitor/electric/4560_2_188,TAG_4560_2_188,NULL,NULL
changeTextRound_1,LV14_T_AMP_VALUE,518,http://192.168.245.3:9898/monitor/electric/4560_2_189,TAG_4560_2_189,NULL,NULL
changeTextRound_1,LV14_KWH_VALUE,519,http://192.168.245.3:9898/monitor/electric/4560_2_190,TAG_4560_2_190,NULL,NULL
changeTextRound_1,LV14_PF_VALUE,520,http://192.168.245.3:9898/monitor/electric/4560_2_191,TAG_4560_2_191,NULL,NULL
changeTextRound_1,LV14_RS_Volt_VALUE,521,http://192.168.245.3:9898/monitor/electric/4560_2_192,TAG_4560_2_192,NULL,NULL
changeTextRound_1,LV14_ST_Volt_VALUE,522,http://192.168.245.3:9898/monitor/electric/4560_2_193,TAG_4560_2_193,NULL,NULL
changeTextRound_1,LV14_TR_Volt_VALUE,523,http://192.168.245.3:9898/monitor/electric/4560_2_194,TAG_4560_2_194,NULL,NULL
changeImage,LV14_CB_STATUS,534,http://192.168.245.3:9898/monitor/electric/4560_5_226,TAG_4560_5_226,NULL,NULL
changeTextRound_1,LV14_LV11_FEED_ACB,535,http://192.168.245.3:9898/monitor/electric/4560_5_227,TAG_4560_5_227,NULL,NULL
changeImage,LV14_LOCAL_REMOTE,537,http://192.168.245.3:9898/monitor/electric/4560_5_229,TAG_4560_5_229,NULL,NULL
changeTextRound_1,LV14_CB_Alarm_Event,538,http://192.168.245.3:9898/monitor/electric/4560_5_230,TAG_4560_5_230,NULL,NULL
changeTextRound_1,LV14_CB_hand_Event,539,http://192.168.245.3:9898/monitor/electric/4560_5_231,TAG_4560_5_231,NULL,NULL
changeImage,LV14_PF_alann1,543,http://192.168.245.3:9898/monitor/electric/4560_5_235,TAG_4560_5_235,NULL,NULL
NULL,LV14_R_AMP_Event,544,http://192.168.245.3:9898/monitor/electric/4560_5_236,TAG_4560_5_236,NULL,NULL
NULL,LV14_RS_Volt_Event,545,http://192.168.245.3:9898/monitor/electric/4560_5_237,TAG_4560_5_237,NULL,NULL
NULL,LV14_S_AMP_Event,546,http://192.168.245.3:9898/monitor/electric/4560_5_238,TAG_4560_5_238,NULL,NULL
NULL,LV14_ST_Volt_Event,547,http://192.168.245.3:9898/monitor/electric/4560_5_239,TAG_4560_5_239,NULL,NULL
NULL,LV14_T_AMP_Event,548,http://192.168.245.3:9898/monitor/electric/4560_5_240,TAG_4560_5_240,NULL,NULL
NULL,LV14_TR_Volt_Event,549,http://192.168.245.3:9898/monitor/electric/4560_5_241,TAG_4560_5_241,NULL,NULL
changeTextRound_1,LV4_AI_1__VALUE,556,http://192.168.245.3:9898/monitor/electric/4560_2_128,TAG_4560_2_128,NULL,NULL
changeTextRound_1,LV4_AI_2_VALUE,557,http://192.168.245.3:9898/monitor/electric/4560_2_129,TAG_4560_2_129,NULL,NULL
changeTextRound_1,LV4_R_AMP_VALUE,558,http://192.168.245.3:9898/monitor/electric/4560_2_130,TAG_4560_2_130,NULL,NULL
changeTextRound_1,LV4_S_AMP_VALUE,559,http://192.168.245.3:9898/monitor/electric/4560_2_131,TAG_4560_2_131,NULL,NULL
changeTextRound_1,LV4_T_AMP_VALUE,560,http://192.168.245.3:9898/monitor/electric/4560_2_132,TAG_4560_2_132,NULL,NULL
changeTextRound_1,LV4_KWH_VALUE,561,http://192.168.245.3:9898/monitor/electric/4560_2_133,TAG_4560_2_133,NULL,NULL
changeTextRound_1,LV4_PF_VALUE,562,http://192.168.245.3:9898/monitor/electric/4560_2_134,TAG_4560_2_134,NULL,NULL
changeTextRound_1,LV4_RS_Volt_VALUE,563,http://192.168.245.3:9898/monitor/electric/4560_2_135,TAG_4560_2_135,NULL,NULL
changeTextRound_1,LV4_ST_Volt_VALUE,564,http://192.168.245.3:9898/monitor/electric/4560_2_136,TAG_4560_2_136,NULL,NULL
changeTextRound_1,LV4_TR_Volt_VALUE,565,http://192.168.245.3:9898/monitor/electric/4560_2_137,TAG_4560_2_137,NULL,NULL
NULL,LV4_ATS_G,576,http://192.168.245.3:9898/monitor/electric/4560_5_148,TAG_4560_5_148,NULL,NULL
NULL,LV4_ATS_K,577,http://192.168.245.3:9898/monitor/electric/4560_5_149,TAG_4560_5_149,NULL,NULL
changeImage,LV4_CB_STATUS,578,http://192.168.245.3:9898/monitor/electric/4560_5_150,TAG_4560_5_150,NULL,NULL
NULL,LV4_ELD_1,579,http://192.168.245.3:9898/monitor/electric/4560_5_151,TAG_4560_5_151,NULL,NULL
NULL,LV4_ELD_2,580,http://192.168.245.3:9898/monitor/electric/4560_5_152,TAG_4560_5_152,NULL,NULL
NULL,LV4_ELD_3,581,http://192.168.245.3:9898/monitor/electric/4560_5_153,TAG_4560_5_153,NULL,NULL
NULL,LV4_ELD_4,582,http://192.168.245.3:9898/monitor/electric/4560_5_154,TAG_4560_5_154,NULL,NULL
changeImage,LV4_LOCAL_REMOTE,583,http://192.168.245.3:9898/monitor/electric/4560_5_155,TAG_4560_5_155,NULL,NULL
changeImage,LV4_TIE_ACB,584,http://192.168.245.3:9898/monitor/electric/4560_5_158,TAG_4560_5_158,NULL,NULL
changeImage,LV4_CB_Alarm_Event,585,http://192.168.245.3:9898/monitor/electric/4560_5_159,TAG_4560_5_159,NULL,NULL
changeImage,LV4_CB_hand_Event,586,http://192.168.245.3:9898/monitor/electric/4560_5_160,TAG_4560_5_160,NULL,NULL
NULL,LV4_R_AMP_Event,591,http://192.168.245.3:9898/monitor/electric/4560_5_167,TAG_4560_5_167,NULL,NULL
NULL,LV4_RS_Volt_Event,592,http://192.168.245.3:9898/monitor/electric/4560_5_168,TAG_4560_5_168,NULL,NULL
NULL,LV4_S_AMP_Event,593,http://192.168.245.3:9898/monitor/electric/4560_5_169,TAG_4560_5_169,NULL,NULL
NULL,LV4_ST_Volt_Event,594,http://192.168.245.3:9898/monitor/electric/4560_5_170,TAG_4560_5_170,NULL,NULL
NULL,LV4_T_AMP_Event,595,http://192.168.245.3:9898/monitor/electric/4560_5_171,TAG_4560_5_171,NULL,NULL
NULL,LV4_TR_Volt_Event,596,http://192.168.245.3:9898/monitor/electric/4560_5_172,TAG_4560_5_172,NULL,NULL
changeTextRound_1,LV8_AI_1_VALUE,603,http://192.168.245.3:9898/monitor/electric/4560_2_147,TAG_4560_2_147,NULL,NULL
changeTextRound_1,LV8_AI_2_VALUE,604,http://192.168.245.3:9898/monitor/electric/4560_2_148,TAG_4560_2_148,NULL,NULL
changeTextRound_1,LV8_R_AMP_VALUE,605,http://192.168.245.3:9898/monitor/electric/4560_2_149,TAG_4560_2_149,NULL,NULL
changeTextRound_1,LV8_S_AMP_VALUE,606,http://192.168.245.3:9898/monitor/electric/4560_2_150,TAG_4560_2_150,NULL,NULL
changeTextRound_1,LV8_T_AMP_VALUE,607,http://192.168.245.3:9898/monitor/electric/4560_2_151,TAG_4560_2_151,NULL,NULL
changeTextRound_1,LV8_KWH_VALUE,608,http://192.168.245.3:9898/monitor/electric/4560_2_152,TAG_4560_2_152,NULL,NULL
changeTextRound_1,LV8_PF_VALUE,609,http://192.168.245.3:9898/monitor/electric/4560_2_153,TAG_4560_2_153,NULL,NULL
changeTextRound_1,LV8_RS_Volt_VALUE,610,http://192.168.245.3:9898/monitor/electric/4560_2_154,TAG_4560_2_154,NULL,NULL
changeTextRound_1,LV8_ST_Volt_VALUE,611,http://192.168.245.3:9898/monitor/electric/4560_2_155,TAG_4560_2_155,NULL,NULL
changeTextRound_1,LV8_TR_Volt_VALUE,612,http://192.168.245.3:9898/monitor/electric/4560_2_156,TAG_4560_2_156,NULL,NULL
NULL,LV8_ATS_G,623,http://192.168.245.3:9898/monitor/electric/4560_5_174,TAG_4560_5_174,NULL,NULL
NULL,LV8_ATS_K,624,http://192.168.245.3:9898/monitor/electric/4560_5_175,TAG_4560_5_175,NULL,NULL
changeImage,LV8_CB_STATUS,625,http://192.168.245.3:9898/monitor/electric/4560_5_176,TAG_4560_5_176,NULL,NULL
NULL,LV8_ELD_1,626,http://192.168.245.3:9898/monitor/electric/4560_5_177,TAG_4560_5_177,NULL,NULL
NULL,LV8_ELD_2,627,http://192.168.245.3:9898/monitor/electric/4560_5_178,TAG_4560_5_178,NULL,NULL
NULL,LV8_ELD_3,628,http://192.168.245.3:9898/monitor/electric/4560_5_179,TAG_4560_5_179,NULL,NULL
NULL,LV8_ELD_4,629,http://192.168.245.3:9898/monitor/electric/4560_5_180,TAG_4560_5_180,NULL,NULL
changeImage,LV8_LOCAL_REMOTE,630,http://192.168.245.3:9898/monitor/electric/4560_5_181,TAG_4560_5_181,NULL,NULL
changeImage,LV8_TIE_ACB,631,http://192.168.245.3:9898/monitor/electric/4560_5_184,TAG_4560_5_184,NULL,NULL
changeImage,LV8_CB_alann_Event,632,http://192.168.245.3:9898/monitor/electric/4560_5_185,TAG_4560_5_185,NULL,NULL
changeImage,LV8_CB_haod_Event,633,http://192.168.245.3:9898/monitor/electric/4560_5_186,TAG_4560_5_186,NULL,NULL
NULL,LV8_R_AMP_Event,638,http://192.168.245.3:9898/monitor/electric/4560_5_193,TAG_4560_5_193,NULL,NULL
NULL,LV8_RS_Volt_Event,639,http://192.168.245.3:9898/monitor/electric/4560_5_194,TAG_4560_5_194,NULL,NULL
NULL,LV8_S_AMP_Event,640,http://192.168.245.3:9898/monitor/electric/4560_5_195,TAG_4560_5_195,NULL,NULL
NULL,LV8_ST_Volt_Event,641,http://192.168.245.3:9898/monitor/electric/4560_5_196,TAG_4560_5_196,NULL,NULL
NULL,LV8_T_AMP_Event,642,http://192.168.245.3:9898/monitor/electric/4560_5_197,TAG_4560_5_197,NULL,NULL
NULL,LV8_TR_Volt_Event,643,http://192.168.245.3:9898/monitor/electric/4560_5_198,TAG_4560_5_198,NULL,NULL
changeTextRound_1,RTU1_AI_1_VALUE,650,http://192.168.245.3:9898/monitor/electric/4560_2_204,TAG_4560_2_204,NULL,NULL
changeTextRound_1,RTU1_AI_2_VALUE,651,http://192.168.245.3:9898/monitor/electric/4560_2_205,TAG_4560_2_205,NULL,NULL
changeTextRound_1,RTU1_point_name,652,http://192.168.245.3:9898/monitor/electric/4560_2_206,TAG_4560_2_206,NULL,NULL
NULL,RTU1_ALTS_A,653,http://192.168.245.3:9898/monitor/electric/4560_5_242,TAG_4560_5_242,NULL,NULL
NULL,RTU1_ALTS_B,654,http://192.168.245.3:9898/monitor/electric/4560_5_243,TAG_4560_5_243,NULL,NULL
NULL,RTU1_LBS_STATUS,656,http://192.168.245.3:9898/monitor/electric/4560_5_245,TAG_4560_5_245,NULL,NULL
changeImage,RTU1_LOCAL_REMOTE,657,http://192.168.245.3:9898/monitor/electric/4560_5_246,TAG_4560_5_246,NULL,NULL
changeTextRound_1,RTU1_CB_Alarm_Event,659,http://192.168.245.3:9898/monitor/electric/4560_5_248,TAG_4560_5_248,NULL,NULL
changeTextRound_1,RTU1_CB_hand_Event,660,http://192.168.245.3:9898/monitor/electric/4560_5_249,TAG_4560_5_249,NULL,NULL
changeTextRound_1,RTU2_AC_A_VALUE,661,http://192.168.245.3:9898/monitor/electric/4560_2_207,TAG_4560_2_207,NULL,NULL
changeTextRound_1,RTU2_AC_V_VALUE,662,http://192.168.245.3:9898/monitor/electric/4560_2_208,TAG_4560_2_208,NULL,NULL
changeTextRound_1,RTU2_DC_A_VALUE,663,http://192.168.245.3:9898/monitor/electric/4560_2_209,TAG_4560_2_209,NULL,NULL
changeTextRound_1,RTU2_DC_V_VALUE,664,http://192.168.245.3:9898/monitor/electric/4560_2_210,TAG_4560_2_210,NULL,NULL
changeImage,RTU2_LV_13_MC_41,665,http://192.168.245.3:9898/monitor/electric/4560_5_250,TAG_4560_5_250,NULL,NULL
changeImage,RTU2_LV_13_MC_42,666,http://192.168.245.3:9898/monitor/electric/4560_5_251,TAG_4560_5_251,NULL,NULL
changeImage,RTU2_LV_1_MC_11,667,http://192.168.245.3:9898/monitor/electric/4560_5_252,TAG_4560_5_252,NULL,NULL
changeImage,RTU2_LV_1_MC_12,668,http://192.168.245.3:9898/monitor/electric/4560_5_253,TAG_4560_5_253,NULL,NULL
changeImage,RTU2_LV_4_MC_21,669,http://192.168.245.3:9898/monitor/electric/4560_5_254,TAG_4560_5_254,NULL,NULL
changeImage,RTU2_LV_4_MC_22,670,http://192.168.245.3:9898/monitor/electric/4560_5_255,TAG_4560_5_255,NULL,NULL
changeImage,RTU2_LV_8_MC_31,671,http://192.168.245.3:9898/monitor/electric/4560_5_256,TAG_4560_5_256,NULL,NULL
changeImage,RTU2_LV_8_MV_32,672,http://192.168.245.3:9898/monitor/electric/4560_5_257,TAG_4560_5_257,NULL,NULL
changeTextRound_1,electric560000000,675,http://192.168.245.3:9898/monitor/electric/4560_5_4000000,TAG_4560_5_4000000,NULL,NULL
changeTextRound_1,electric560000001,676,http://192.168.245.3:9898/monitor/electric/4560_5_4000001,TAG_4560_5_4000001,NULL,NULL
changeTextRound_1,electric560000002,677,http://192.168.245.3:9898/monitor/electric/4560_5_4000002,TAG_4560_5_4000002,NULL,NULL
changeTextRound_1,electric560000003,678,http://192.168.245.3:9898/monitor/electric/4560_5_4000003,TAG_4560_5_4000003,NULL,NULL
changeTextRound_1,electric560000004,679,http://192.168.245.3:9898/monitor/electric/4560_5_4000004,TAG_4560_5_4000004,NULL,NULL
changeTextRound_1,electric560000005,680,http://192.168.245.3:9898/monitor/electric/4560_5_4000005,TAG_4560_5_4000005,NULL,NULL
changeTextRound_1,electric5600000,681,http://192.168.245.3:9898/monitor/electric/4560_5_4001000,TAG_4560_5_4001000,NULL,NULL
changeTextRound_1,electric5600001,682,http://192.168.245.3:9898/monitor/electric/4560_5_4001001,TAG_4560_5_4001001,NULL,NULL
changeTextRound_1,electric5600002,683,http://192.168.245.3:9898/monitor/electric/4560_5_4001002,TAG_4560_5_4001002,NULL,NULL
changeTextRound_1,electric5600003,684,http://192.168.245.3:9898/monitor/electric/4560_5_4001003,TAG_4560_5_4001003,NULL,NULL
changeTextRound_1,electric5600004,685,http://192.168.245.3:9898/monitor/electric/4560_5_4001004,TAG_4560_5_4001004,NULL,NULL
changeTextRound_1,electric560,686,http://192.168.245.3:9898/monitor/electric/4560_6_1,TAG_4560_6_1,NULL,NULL
changeTextRound_1,electric560,687,http://192.168.245.3:9898/monitor/electric/4560_6_2,TAG_4560_6_2,NULL,NULL
changeTextRound_1,electric560,688,http://192.168.245.3:9898/monitor/electric/4560_6_3,TAG_4560_6_3,NULL,NULL
changeTextRound_1,electric560,689,http://192.168.245.3:9898/monitor/electric/4560_6_4,TAG_4560_6_4,NULL,NULL
changeTextRound_1,electric560,690,http://192.168.245.3:9898/monitor/electric/4560_6_5,TAG_4560_6_5,NULL,NULL